,PseudoTime
C_70351,0
C_203011,0
C_416674,0
C_447226,0
C_391750,0
C_177886,0
C_321199,0
C_596167,0
C_562399,0
C_416071,0
C_60703,0
C_446422,0
C_595765,0
C_102913,0
C_31759,0
C_433558,0
C_306526,0
C_456472,0
C_280195,0
C_521194,0
C_360595,0
C_335872,0
C_217282,0
C_43417,0
C_191554,0
C_182710,0
C_562801,0
C_399187,0
C_199192,0
C_277582,0
C_595967,0.0101010101010101
C_496874,0.0101010101010101
C_561194,0.0101010101010101
C_60503,0.0101010101010101
C_502100,0.0101010101010101
C_523406,0.0101010101010101
C_154571,0.0101010101010101
C_567626,0.0101010101010101
C_344516,0.0101010101010101
C_98894,0.0101010101010101
C_440192,0.0101010101010101
C_313763,0.0101010101010101
C_1208,0.0101010101010101
C_185525,0.0101010101010101
C_181103,0.0101010101010101
C_255473,0.0101010101010101
C_482804,0.0101010101010101
C_544712,0.0101010101010101
C_405620,0.0101010101010101
C_82814,0.0101010101010101
C_158189,0.0101010101010101
C_293261,0.0101010101010101
C_400193,0.0101010101010101
C_578078,0.0101010101010101
C_73568,0.0101010101010101
C_503909,0.0101010101010101
C_14273,0.0101010101010101
C_468131,0.0101010101010101
C_31358,0.0101010101010101
C_35780,0.0101010101010101
C_227334,0.0202020202020202
C_139497,0.0202020202020202
C_272760,0.0202020202020202
C_443409,0.0202020202020202
C_557376,0.0202020202020202
C_373260,0.0202020202020202
C_106131,0.0202020202020202
C_392556,0.0202020202020202
C_300297,0.0202020202020202
C_525417,0.0202020202020202
C_359793,0.0202020202020202
C_182712,0.0202020202020202
C_523608,0.0202020202020202
C_531648,0.0202020202020202
C_15078,0.0202020202020202
C_287634,0.0202020202020202
C_245625,0.0202020202020202
C_573054,0.0202020202020202
C_289644,0.0202020202020202
C_528432,0.0202020202020202
C_564009,0.0202020202020202
C_580089,0.0202020202020202
C_250047,0.0202020202020202
C_445419,0.0202020202020202
C_55278,0.0202020202020202
C_28947,0.0202020202020202
C_575265,0.0202020202020202
C_292257,0.0202020202020202
C_205425,0.0202020202020202
C_315975,0.0202020202020202
C_152563,0.0303030303030303
C_49048,0.0303030303030303
C_108946,0.0303030303030303
C_334468,0.0303030303030303
C_252661,0.0303030303030303
C_245425,0.0303030303030303
C_461299,0.0303030303030303
C_299494,0.0303030303030303
C_421501,0.0303030303030303
C_29953,0.0303030303030303
C_571045,0.0303030303030303
C_398989,0.0303030303030303
C_238591,0.0303030303030303
C_478585,0.0303030303030303
C_567628,0.0303030303030303
C_549739,0.0303030303030303
C_563407,0.0303030303030303
C_339694,0.0303030303030303
C_306328,0.0303030303030303
C_351553,0.0303030303030303
C_323614,0.0303030303030303
C_32365,0.0303030303030303
C_271957,0.0303030303030303
C_405421,0.0303030303030303
C_408637,0.0303030303030303
C_487630,0.0303030303030303
C_122413,0.0303030303030303
C_496072,0.0303030303030303
C_315172,0.0303030303030303
C_398386,0.0303030303030303
C_422507,0.0404040404040404
C_8447,0.0404040404040404
C_450446,0.0404040404040404
C_393161,0.0404040404040404
C_411653,0.0404040404040404
C_608,0.0404040404040404
C_168443,0.0404040404040404
C_12869,0.0404040404040404
C_158996,0.0404040404040404
C_387935,0.0404040404040404
C_420497,0.0404040404040404
C_425321,0.0404040404040404
C_278390,0.0404040404040404
C_236381,0.0404040404040404
C_261908,0.0404040404040404
C_255074,0.0404040404040404
C_3020,0.0404040404040404
C_333866,0.0404040404040404
C_252662,0.0404040404040404
C_19502,0.0404040404040404
C_362408,0.0404040404040404
C_495269,0.0404040404040404
C_62717,0.0404040404040404
C_233165,0.0404040404040404
C_251657,0.0404040404040404
C_82817,0.0404040404040404
C_432959,0.0404040404040404
C_93068,0.0404040404040404
C_25934,0.0404040404040404
C_300098,0.0404040404040404
C_589338,0.0505050505050505
C_481200,0.0505050505050505
C_459090,0.0505050505050505
C_319797,0.0505050505050505
C_6840,0.0505050505050505
C_507933,0.0505050505050505
C_215679,0.0505050505050505
C_202011,0.0505050505050505
C_463914,0.0505050505050505
C_265125,0.0505050505050505
C_427935,0.0505050505050505
C_25935,0.0505050505050505
C_580896,0.0505050505050505
C_300501,0.0505050505050505
C_332460,0.0505050505050505
C_42819,0.0505050505050505
C_191559,0.0505050505050505
C_157188,0.0505050505050505
C_479190,0.0505050505050505
C_373665,0.0505050505050505
C_448839,0.0505050505050505
C_28749,0.0505050505050505
C_596976,0.0505050505050505
C_389544,0.0505050505050505
C_122013,0.0505050505050505
C_85431,0.0505050505050505
C_588735,0.0505050505050505
C_95079,0.0505050505050505
C_141309,0.0505050505050505
C_224322,0.0505050505050505
C_377284,0.0606060606060606
C_534064,0.0606060606060606
C_240403,0.0606060606060606
C_196585,0.0606060606060606
C_3223,0.0606060606060606
C_556375,0.0606060606060606
C_411655,0.0606060606060606
C_372259,0.0606060606060606
C_178495,0.0606060606060606
C_535069,0.0606060606060606
C_132868,0.0606060606060606
C_595369,0.0606060606060606
C_231961,0.0606060606060606
C_311356,0.0606060606060606
C_51262,0.0606060606060606
C_39805,0.0606060606060606
C_127843,0.0606060606060606
C_491452,0.0606060606060606
C_314974,0.0606060606060606
C_25132,0.0606060606060606
C_166435,0.0606060606060606
C_402007,0.0606060606060606
C_223720,0.0606060606060606
C_166636,0.0606060606060606
C_364018,0.0606060606060606
C_431956,0.0606060606060606
C_179098,0.0606060606060606
C_490045,0.0606060606060606
C_304120,0.0606060606060606
C_69352,0.0606060606060606
C_361004,0.0707070707070707
C_215681,0.0707070707070707
C_33575,0.0707070707070707
C_6239,0.0707070707070707
C_343115,0.0707070707070707
C_103121,0.0707070707070707
C_494468,0.0707070707070707
C_450248,0.0707070707070707
C_238193,0.0707070707070707
C_370652,0.0707070707070707
C_483815,0.0707070707070707
C_176084,0.0707070707070707
C_59102,0.0707070707070707
C_360803,0.0707070707070707
C_557381,0.0707070707070707
C_10058,0.0707070707070707
C_512558,0.0707070707070707
C_56891,0.0707070707070707
C_304121,0.0707070707070707
C_473765,0.0707070707070707
C_6842,0.0707070707070707
C_508940,0.0707070707070707
C_435173,0.0707070707070707
C_599792,0.0707070707070707
C_355778,0.0707070707070707
C_547130,0.0707070707070707
C_345326,0.0707070707070707
C_529241,0.0707070707070707
C_521201,0.0707070707070707
C_127844,0.0707070707070707
C_361407,0.0808080808080808
C_433365,0.0808080808080808
C_223722,0.0808080808080808
C_553965,0.0808080808080808
C_88047,0.0808080808080808
C_573462,0.0808080808080808
C_460701,0.0808080808080808
C_262716,0.0808080808080808
C_596778,0.0808080808080808
C_251259,0.0808080808080808
C_503715,0.0808080808080808
C_451053,0.0808080808080808
C_21717,0.0808080808080808
C_120006,0.0808080808080808
C_312564,0.0808080808080808
C_434973,0.0808080808080808
C_444018,0.0808080808080808
C_508941,0.0808080808080808
C_287238,0.0808080808080808
C_491052,0.0808080808080808
C_263118,0.0808080808080808
C_288042,0.0808080808080808
C_276786,0.0808080808080808
C_547332,0.0808080808080808
C_76590,0.0808080808080808
C_315378,0.0808080808080808
C_119001,0.0808080808080808
C_424521,0.0808080808080808
C_406632,0.0808080808080808
C_545121,0.0808080808080808
C_244225,0.0909090909090909
C_184126,0.0909090909090909
C_70159,0.0909090909090909
C_494269,0.0909090909090909
C_260707,0.0909090909090909
C_91465,0.0909090909090909
C_442612,0.0909090909090909
C_464722,0.0909090909090909
C_300706,0.0909090909090909
C_270355,0.0909090909090909
C_45235,0.0909090909090909
C_54682,0.0909090909090909
C_513163,0.0909090909090909
C_55486,0.0909090909090909
C_362413,0.0909090909090909
C_23326,0.0909090909090909
C_321007,0.0909090909090909
C_565222,0.0909090909090909
C_348343,0.0909090909090909
C_531052,0.0909090909090909
C_205834,0.0909090909090909
C_160810,0.0909090909090909
C_565624,0.0909090909090909
C_52069,0.0909090909090909
C_171262,0.0909090909090909
C_469345,0.0909090909090909
C_201010,0.0909090909090909
C_158599,0.0909090909090909
C_308947,0.0909090909090909
C_356182,0.0909090909090909
C_548339,0.101010101010101
C_348143,0.101010101010101
C_135887,0.101010101010101
C_47447,0.101010101010101
C_248648,0.101010101010101
C_79808,0.101010101010101
C_166640,0.101010101010101
C_429950,0.101010101010101
C_505325,0.101010101010101
C_380102,0.101010101010101
C_49859,0.101010101010101
C_360002,0.101010101010101
C_388343,0.101010101010101
C_375479,0.101010101010101
C_532259,0.101010101010101
C_528038,0.101010101010101
C_229151,0.101010101010101
C_463517,0.101010101010101
C_369650,0.101010101010101
C_391559,0.101010101010101
C_66341,0.101010101010101
C_167444,0.101010101010101
C_395579,0.101010101010101
C_298697,0.101010101010101
C_596981,0.101010101010101
C_38603,0.101010101010101
C_43829,0.101010101010101
C_456281,0.101010101010101
C_540701,0.101010101010101
C_198800,0.101010101010101
C_30363,0.111111111111111
C_265533,0.111111111111111
C_509145,0.111111111111111
C_515376,0.111111111111111
C_256689,0.111111111111111
C_194379,0.111111111111111
C_88050,0.111111111111111
C_133275,0.111111111111111
C_296487,0.111111111111111
C_332466,0.111111111111111
C_113979,0.111111111111111
C_475377,0.111111111111111
C_310959,0.111111111111111
C_356184,0.111111111111111
C_458895,0.111111111111111
C_435780,0.111111111111111
C_445227,0.111111111111111
C_468543,0.111111111111111
C_125034,0.111111111111111
C_138702,0.111111111111111
C_287040,0.111111111111111
C_259101,0.111111111111111
C_434373,0.111111111111111
C_240810,0.111111111111111
C_222921,0.111111111111111
C_69759,0.111111111111111
C_522612,0.111111111111111
C_127848,0.111111111111111
C_306738,0.111111111111111
C_421308,0.111111111111111
C_491056,0.121212121212121
C_512161,0.121212121212121
C_298900,0.121212121212121
C_170059,0.121212121212121
C_579898,0.121212121212121
C_290860,0.121212121212121
C_467941,0.121212121212121
C_142522,0.121212121212121
C_384526,0.121212121212121
C_64132,0.121212121212121
C_340708,0.121212121212121
C_2827,0.121212121212121
C_46846,0.121212121212121
C_254077,0.121212121212121
C_17299,0.121212121212121
C_489649,0.121212121212121
C_326236,0.121212121212121
C_518191,0.121212121212121
C_20113,0.121212121212121
C_403018,0.121212121212121
C_76192,0.121212121212121
C_132673,0.121212121212121
C_362416,0.121212121212121
C_309955,0.121212121212121
C_121015,0.121212121212121
C_473971,0.121212121212121
C_556984,0.121212121212121
C_301513,0.121212121212121
C_405028,0.121212121212121
C_566632,0.121212121212121
C_538091,0.131313131313131
C_107549,0.131313131313131
C_162824,0.131313131313131
C_306941,0.131313131313131
C_416,0.131313131313131
C_34385,0.131313131313131
C_563015,0.131313131313131
C_292268,0.131313131313131
C_64535,0.131313131313131
C_327443,0.131313131313131
C_501710,0.131313131313131
C_213275,0.131313131313131
C_78203,0.131313131313131
C_537488,0.131313131313131
C_508142,0.131313131313131
C_482816,0.131313131313131
C_220913,0.131313131313131
C_424727,0.131313131313131
C_100514,0.131313131313131
C_299504,0.131313131313131
C_372467,0.131313131313131
C_544925,0.131313131313131
C_535076,0.131313131313131
C_570854,0.131313131313131
C_236591,0.131313131313131
C_49661,0.131313131313131
C_452264,0.131313131313131
C_361211,0.131313131313131
C_433370,0.131313131313131
C_533066,0.131313131313131
C_518193,0.141414141414141
C_22728,0.141414141414141
C_253677,0.141414141414141
C_288450,0.141414141414141
C_155991,0.141414141414141
C_142725,0.141414141414141
C_404427,0.141414141414141
C_441411,0.141414141414141
C_481008,0.141414141414141
C_509751,0.141414141414141
C_382317,0.141414141414141
C_151971,0.141414141414141
C_32175,0.141414141414141
C_19914,0.141414141414141
C_508143,0.141414141414141
C_532464,0.141414141414141
C_112776,0.141414141414141
C_24738,0.141414141414141
C_460104,0.141414141414141
C_595578,0.141414141414141
C_69963,0.141414141414141
C_521409,0.141414141414141
C_588141,0.141414141414141
C_106947,0.141414141414141
C_91671,0.141414141414141
C_565830,0.141414141414141
C_107952,0.141414141414141
C_457491,0.141414141414141
C_540504,0.141414141414141
C_113580,0.141414141414141
C_281014,0.151515151515152
C_51472,0.151515151515152
C_248452,0.151515151515152
C_56698,0.151515151515152
C_67954,0.151515151515152
C_241819,0.151515151515152
C_122023,0.151515151515152
C_194986,0.151515151515152
C_142324,0.151515151515152
C_432367,0.151515151515152
C_112375,0.151515151515152
C_544525,0.151515151515152
C_387343,0.151515151515152
C_372067,0.151515151515152
C_260512,0.151515151515152
C_409453,0.151515151515152
C_572062,0.151515151515152
C_377092,0.151515151515152
C_323224,0.151515151515152
C_580102,0.151515151515152
C_41422,0.151515151515152
C_357796,0.151515151515152
C_90265,0.151515151515152
C_187549,0.151515151515152
C_452065,0.151515151515152
C_98707,0.151515151515152
C_205237,0.151515151515152
C_4237,0.151515151515152
C_352972,0.151515151515152
C_70366,0.151515151515152
C_312572,0.161616161616162
C_579500,0.161616161616162
C_208253,0.161616161616162
C_361214,0.161616161616162
C_469151,0.161616161616162
C_35393,0.161616161616162
C_25745,0.161616161616162
C_507743,0.161616161616162
C_548747,0.161616161616162
C_478196,0.161616161616162
C_575681,0.161616161616162
C_550556,0.161616161616162
C_527441,0.161616161616162
C_322823,0.161616161616162
C_311165,0.161616161616162
C_298100,0.161616161616162
C_331265,0.161616161616162
C_31172,0.161616161616162
C_487442,0.161616161616162
C_429554,0.161616161616162
C_213680,0.161616161616162
C_176093,0.161616161616162
C_479201,0.161616161616162
C_549350,0.161616161616162
C_107954,0.161616161616162
C_421514,0.161616161616162
C_29363,0.161616161616162
C_31574,0.161616161616162
C_300512,0.161616161616162
C_426137,0.161616161616162
C_2631,0.171717171717172
C_256494,0.171717171717172
C_296895,0.171717171717172
C_356994,0.171717171717172
C_515985,0.171717171717172
C_303528,0.171717171717172
C_157401,0.171717171717172
C_369858,0.171717171717172
C_509352,0.171717171717172
C_3033,0.171717171717172
C_474780,0.171717171717172
C_49263,0.171717171717172
C_414882,0.171717171717172
C_151170,0.171717171717172
C_145944,0.171717171717172
C_126246,0.171717171717172
C_517392,0.171717171717172
C_568848,0.171717171717172
C_241017,0.171717171717172
C_110568,0.171717171717172
C_558396,0.171717171717172
C_162024,0.171717171717172
C_5847,0.171717171717172
C_461112,0.171717171717172
C_11475,0.171717171717172
C_437997,0.171717171717172
C_232173,0.171717171717172
C_238404,0.171717171717172
C_585732,0.171717171717172
C_404631,0.171717171717172
C_135895,0.181818181818182
C_567643,0.181818181818182
C_533071,0.181818181818182
C_546739,0.181818181818182
C_217300,0.181818181818182
C_349156,0.181818181818182
C_324433,0.181818181818182
C_102730,0.181818181818182
C_146146,0.181818181818182
C_205240,0.181818181818182
C_451465,0.181818181818182
C_591160,0.181818181818182
C_127654,0.181818181818182
C_442420,0.181818181818182
C_243832,0.181818181818182
C_417496,0.181818181818182
C_574477,0.181818181818182
C_248857,0.181818181818182
C_308152,0.181818181818182
C_239410,0.181818181818182
C_60922,0.181818181818182
C_515383,0.181818181818182
C_42028,0.181818181818182
C_41827,0.181818181818182
C_17707,0.181818181818182
C_147754,0.181818181818182
C_438802,0.181818181818182
C_107353,0.181818181818182
C_509956,0.181818181818182
C_356191,0.181818181818182
C_44039,0.191919191919192
C_444431,0.191919191919192
C_119816,0.191919191919192
C_63536,0.191919191919192
C_458702,0.191919191919192
C_232979,0.191919191919192
C_544127,0.191919191919192
C_287651,0.191919191919192
C_380312,0.191919191919192
C_1829,0.191919191919192
C_348956,0.191919191919192
C_278003,0.191919191919192
C_331067,0.191919191919192
C_94892,0.191919191919192
C_154991,0.191919191919192
C_599402,0.191919191919192
C_311570,0.191919191919192
C_138107,0.191919191919192
C_483023,0.191919191919192
C_6452,0.191919191919192
C_19919,0.191919191919192
C_517193,0.191919191919192
C_421718,0.191919191919192
C_583925,0.191919191919192
C_13286,0.191919191919192
C_419909,0.191919191919192
C_88862,0.191919191919192
C_112982,0.191919191919192
C_190970,0.191919191919192
C_165845,0.191919191919192
C_280215,0.202020202020202
C_526038,0.202020202020202
C_332676,0.202020202020202
C_600810,0.202020202020202
C_590961,0.202020202020202
C_601011,0.202020202020202
C_8463,0.202020202020202
C_474180,0.202020202020202
C_226548,0.202020202020202
C_189363,0.202020202020202
C_545535,0.202020202020202
C_107958,0.202020202020202
C_256497,0.202020202020202
C_269361,0.202020202020202
C_121023,0.202020202020202
C_581916,0.202020202020202
C_31377,0.202020202020202
C_345138,0.202020202020202
C_167454,0.202020202020202
C_151776,0.202020202020202
C_177504,0.202020202020202
C_345339,0.202020202020202
C_420513,0.202020202020202
C_475788,0.202020202020202
C_240819,0.202020202020202
C_169665,0.202020202020202
C_120219,0.202020202020202
C_78009,0.202020202020202
C_107154,0.202020202020202
C_236196,0.202020202020202
C_450865,0.212121212121212
C_544330,0.212121212121212
C_112180,0.212121212121212
C_503125,0.212121212121212
C_318406,0.212121212121212
C_324838,0.212121212121212
C_355189,0.212121212121212
C_489256,0.212121212121212
C_577696,0.212121212121212
C_165244,0.212121212121212
C_565435,0.212121212121212
C_105145,0.212121212121212
C_362827,0.212121212121212
C_61930,0.212121212121212
C_500110,0.212121212121212
C_23740,0.212121212121212
C_261121,0.212121212121212
C_80623,0.212121212121212
C_219313,0.212121212121212
C_525235,0.212121212121212
C_548953,0.212121212121212
C_159616,0.212121212121212
C_508753,0.212121212121212
C_292678,0.212121212121212
C_389359,0.212121212121212
C_48061,0.212121212121212
C_306949,0.212121212121212
C_327451,0.212121212121212
C_464734,0.212121212121212
C_445036,0.212121212121212
C_365642,0.222222222222222
C_318407,0.222222222222222
C_441821,0.222222222222222
C_59921,0.222222222222222
C_546743,0.222222222222222
C_12686,0.222222222222222
C_518603,0.222222222222222
C_514382,0.222222222222222
C_37208,0.222222222222222
C_76805,0.222222222222222
C_347150,0.222222222222222
C_310568,0.222222222222222
C_30776,0.222222222222222
C_33389,0.222222222222222
C_189767,0.222222222222222
C_445841,0.222222222222222
C_106754,0.222222222222222
C_513980,0.222222222222222
C_588149,0.222222222222222
C_362024,0.222222222222222
C_145949,0.222222222222222
C_199013,0.222222222222222
C_316799,0.222222222222222
C_178712,0.222222222222222
C_458303,0.222222222222222
C_146552,0.222222222222222
C_84041,0.222222222222222
C_32384,0.222222222222222
C_508151,0.222222222222222
C_67760,0.222222222222222
C_454686,0.232323232323232
C_346146,0.232323232323232
C_379914,0.232323232323232
C_111378,0.232323232323232
C_301524,0.232323232323232
C_143940,0.232323232323232
C_427953,0.232323232323232
C_463329,0.232323232323232
C_90072,0.232323232323232
C_327855,0.232323232323232
C_190572,0.232323232323232
C_482022,0.232323232323232
C_74997,0.232323232323232
C_126051,0.232323232323232
C_502725,0.232323232323232
C_489258,0.232323232323232
C_282429,0.232323232323232
C_260319,0.232323232323232
C_191577,0.232323232323232
C_386346,0.232323232323232
C_358206,0.232323232323232
C_149568,0.232323232323232
C_423531,0.232323232323232
C_61932,0.232323232323232
C_515388,0.232323232323232
C_337302,0.232323232323232
C_305142,0.232323232323232
C_405642,0.232323232323232
C_358005,0.232323232323232
C_114393,0.232323232323232
C_153388,0.242424242424242
C_482224,0.242424242424242
C_354589,0.242424242424242
C_408658,0.242424242424242
C_364639,0.242424242424242
C_137509,0.242424242424242
C_16708,0.242424242424242
C_90676,0.242424242424242
C_590764,0.242424242424242
C_82837,0.242424242424242
C_102535,0.242424242424242
C_556996,0.242424242424242
C_343534,0.242424242424242
C_467953,0.242424242424242
C_380317,0.242424242424242
C_122836,0.242424242424242
C_88666,0.242424242424242
C_586543,0.242424242424242
C_12889,0.242424242424242
C_40627,0.242424242424242
C_154996,0.242424242424242
C_292681,0.242424242424242
C_122032,0.242424242424242
C_435994,0.242424242424242
C_118414,0.242424242424242
C_278611,0.242424242424242
C_494284,0.242424242424242
C_111379,0.242424242424242
C_336298,0.242424242424242
C_178513,0.242424242424242
C_59522,0.252525252525253
C_372881,0.252525252525253
C_314390,0.252525252525253
C_153791,0.252525252525253
C_233990,0.252525252525253
C_195398,0.252525252525253
C_199820,0.252525252525253
C_63944,0.252525252525253
C_309164,0.252525252525253
C_258512,0.252525252525253
C_495290,0.252525252525253
C_63542,0.252525252525253
C_508757,0.252525252525253
C_35000,0.252525252525253
C_17915,0.252525252525253
C_300320,0.252525252525253
C_466748,0.252525252525253
C_206051,0.252525252525253
C_104144,0.252525252525253
C_171278,0.252525252525253
C_108968,0.252525252525253
C_549962,0.252525252525253
C_382127,0.252525252525253
C_495089,0.252525252525253
C_534887,0.252525252525253
C_235397,0.252525252525253
C_344540,0.252525252525253
C_34598,0.252525252525253
C_520013,0.252525252525253
C_57914,0.252525252525253
C_436599,0.262626262626263
C_366450,0.262626262626263
C_416298,0.262626262626263
C_581118,0.262626262626263
C_352380,0.262626262626263
C_192183,0.262626262626263
C_520818,0.262626262626263
C_136707,0.262626262626263
C_186555,0.262626262626263
C_6660,0.262626262626263
C_148164,0.262626262626263
C_127662,0.262626262626263
C_321225,0.262626262626263
C_559812,0.262626262626263
C_168063,0.262626262626263
C_277608,0.262626262626263
C_417102,0.262626262626263
C_442830,0.262626262626263
C_69573,0.262626262626263
C_574284,0.262626262626263
C_278412,0.262626262626263
C_268965,0.262626262626263
C_82236,0.262626262626263
C_292281,0.262626262626263
C_422328,0.262626262626263
C_398610,0.262626262626263
C_374892,0.262626262626263
C_293286,0.262626262626263
C_337908,0.262626262626263
C_462327,0.262626262626263
C_518809,0.272727272727273
C_281428,0.272727272727273
C_480619,0.272727272727273
C_529060,0.272727272727273
C_354391,0.272727272727273
C_599008,0.272727272727273
C_539914,0.272727272727273
C_531673,0.272727272727273
C_259519,0.272727272727273
C_10480,0.272727272727273
C_501925,0.272727272727273
C_298312,0.272727272727273
C_572677,0.272727272727273
C_244444,0.272727272727273
C_243640,0.272727272727273
C_275800,0.272727272727273
C_25153,0.272727272727273
C_42238,0.272727272727273
C_107764,0.272727272727273
C_575491,0.272727272727273
C_589561,0.272727272727273
C_54499,0.272727272727273
C_93493,0.272727272727273
C_269368,0.272727272727273
C_328261,0.272727272727273
C_165652,0.272727272727273
C_513181,0.272727272727273
C_308764,0.272727272727273
C_483835,0.272727272727273
C_335497,0.272727272727273
C_559613,0.282828282828283
C_403436,0.282828282828283
C_553784,0.282828282828283
C_38018,0.282828282828283
C_525242,0.282828282828283
C_535091,0.282828282828283
C_360623,0.282828282828283
C_237410,0.282828282828283
C_205049,0.282828282828283
C_295298,0.282828282828283
C_157211,0.282828282828283
C_177311,0.282828282828283
C_288062,0.282828282828283
C_483836,0.282828282828283
C_475595,0.282828282828283
C_54098,0.282828282828283
C_350372,0.282828282828283
C_440621,0.282828282828283
C_18923,0.282828282828283
C_343538,0.282828282828283
C_425948,0.282828282828283
C_433988,0.282828282828283
C_104348,0.282828282828283
C_6059,0.282828282828283
C_337709,0.282828282828283
C_455897,0.282828282828283
C_299117,0.282828282828283
C_558608,0.282828282828283
C_61937,0.282828282828283
C_6461,0.282828282828283
C_438813,0.292929292929293
C_106560,0.292929292929293
C_541323,0.292929292929293
C_251682,0.292929292929293
C_377106,0.292929292929293
C_499515,0.292929292929293
C_145755,0.292929292929293
C_575895,0.292929292929293
C_124851,0.292929292929293
C_294696,0.292929292929293
C_457707,0.292929292929293
C_319419,0.292929292929293
C_397809,0.292929292929293
C_435798,0.292929292929293
C_169272,0.292929292929293
C_92490,0.292929292929293
C_547755,0.292929292929293
C_184950,0.292929292929293
C_111585,0.292929292929293
C_392784,0.292929292929293
C_521424,0.292929292929293
C_76611,0.292929292929293
C_67767,0.292929292929293
C_466350,0.292929292929293
C_484038,0.292929292929293
C_249069,0.292929292929293
C_459918,0.292929292929293
C_414492,0.292929292929293
C_543534,0.292929292929293
C_530268,0.292929292929293
C_92491,0.303030303030303
C_13699,0.303030303030303
C_554791,0.303030303030303
C_386755,0.303030303030303
C_304144,0.303030303030303
C_95104,0.303030303030303
C_70783,0.303030303030303
C_502330,0.303030303030303
C_87265,0.303030303030303
C_464140,0.303030303030303
C_300526,0.303030303030303
C_27568,0.303030303030303
C_295300,0.303030303030303
C_408865,0.303030303030303
C_420121,0.303030303030303
C_62140,0.303030303030303
C_158821,0.303030303030303
C_397006,0.303030303030303
C_151786,0.303030303030303
C_600217,0.303030303030303
C_600418,0.303030303030303
C_190981,0.303030303030303
C_54703,0.303030303030303
C_573283,0.303030303030303
C_242638,0.303030303030303
C_223543,0.303030303030303
C_352585,0.303030303030303
C_186559,0.303030303030303
C_573886,0.303030303030303
C_442432,0.303030303030303
C_161435,0.313131313131313
C_231785,0.313131313131313
C_545948,0.313131313131313
C_597605,0.313131313131313
C_148370,0.313131313131313
C_277613,0.313131313131313
C_407459,0.313131313131313
C_344345,0.313131313131313
C_502733,0.313131313131313
C_28373,0.313131313131313
C_225755,0.313131313131313
C_481427,0.313131313131313
C_389168,0.313131313131313
C_458111,0.313131313131313
C_170882,0.313131313131313
C_36815,0.313131313131313
C_331481,0.313131313131313
C_73397,0.313131313131313
C_593183,0.313131313131313
C_317813,0.313131313131313
C_374093,0.313131313131313
C_455900,0.313131313131313
C_179123,0.313131313131313
C_463739,0.313131313131313
C_394193,0.313131313131313
C_467759,0.313131313131313
C_184349,0.313131313131313
C_334295,0.313131313131313
C_32795,0.313131313131313
C_583133,0.313131313131313
C_330075,0.323232323232323
C_494694,0.323232323232323
C_321030,0.323232323232323
C_428967,0.323232323232323
C_261936,0.323232323232323
C_468564,0.323232323232323
C_837,0.323232323232323
C_357813,0.323232323232323
C_156009,0.323232323232323
C_145155,0.323232323232323
C_87468,0.323232323232323
C_72393,0.323232323232323
C_476805,0.323232323232323
C_412887,0.323232323232323
C_11892,0.323232323232323
C_333291,0.323232323232323
C_315402,0.323232323232323
C_188571,0.323232323232323
C_337914,0.323232323232323
C_508362,0.323232323232323
C_392988,0.323232323232323
C_545145,0.323232323232323
C_201033,0.323232323232323
C_27369,0.323232323232323
C_194400,0.323232323232323
C_148170,0.323232323232323
C_340125,0.323232323232323
C_15912,0.323232323232323
C_562632,0.323232323232323
C_386355,0.323232323232323
C_480223,0.333333333333333
C_7672,0.333333333333333
C_34003,0.333333333333333
C_258721,0.333333333333333
C_388768,0.333333333333333
C_535096,0.333333333333333
C_207466,0.333333333333333
C_540322,0.333333333333333
C_487861,0.333333333333333
C_235003,0.333333333333333
C_25360,0.333333333333333
C_513589,0.333333333333333
C_437410,0.333333333333333
C_48475,0.333333333333333
C_410275,0.333333333333333
C_371683,0.333333333333333
C_443641,0.333333333333333
C_599014,0.333333333333333
C_443239,0.333333333333333
C_448867,0.333333333333333
C_57319,0.333333333333333
C_465751,0.333333333333333
C_505951,0.333333333333333
C_7069,0.333333333333333
C_548362,0.333333333333333
C_460324,0.333333333333333
C_371281,0.333333333333333
C_91087,0.333333333333333
C_27571,0.333333333333333
C_476806,0.333333333333333
C_399422,0.343434343434343
C_532886,0.343434343434343
C_261536,0.343434343434343
C_47270,0.343434343434343
C_372890,0.343434343434343
C_259124,0.343434343434343
C_105158,0.343434343434343
C_27572,0.343434343434343
C_51491,0.343434343434343
C_385352,0.343434343434343
C_343142,0.343434343434343
C_415703,0.343434343434343
C_115610,0.343434343434343
C_579920,0.343434343434343
C_13301,0.343434343434343
C_535097,0.343434343434343
C_70586,0.343434343434343
C_395402,0.343434343434343
C_42647,0.343434343434343
C_265556,0.343434343434343
C_417914,0.343434343434343
C_268772,0.343434343434343
C_454295,0.343434343434343
C_504143,0.343434343434343
C_304148,0.343434343434343
C_6467,0.343434343434343
C_21140,0.343434343434343
C_519419,0.343434343434343
C_404045,0.343434343434343
C_430778,0.343434343434343
C_122244,0.353535353535354
C_229779,0.353535353535354
C_186966,0.353535353535354
C_345756,0.353535353535354
C_128073,0.353535353535354
C_326259,0.353535353535354
C_181137,0.353535353535354
C_598212,0.353535353535354
C_497109,0.353535353535354
C_204453,0.353535353535354
C_81039,0.353535353535354
C_71994,0.353535353535354
C_525852,0.353535353535354
C_419121,0.353535353535354
C_490878,0.353535353535354
C_408870,0.353535353535354
C_82446,0.353535353535354
C_476808,0.353535353535354
C_158625,0.353535353535354
C_61944,0.353535353535354
C_501129,0.353535353535354
C_65361,0.353535353535354
C_316209,0.353535353535354
C_251487,0.353535353535354
C_18126,0.353535353535354
C_13101,0.353535353535354
C_154002,0.353535353535354
C_337917,0.353535353535354
C_246261,0.353535353535354
C_5262,0.353535353535354
C_107773,0.363636363636364
C_225358,0.363636363636364
C_210886,0.363636363636364
C_505552,0.363636363636364
C_74407,0.363636363636364
C_500125,0.363636363636364
C_562837,0.363636363636364
C_273799,0.363636363636364
C_53704,0.363636363636364
C_529270,0.363636363636364
C_4660,0.363636363636364
C_282844,0.363636363636364
C_398419,0.363636363636364
C_15715,0.363636363636364
C_259528,0.363636363636364
C_472387,0.363636363636364
C_267367,0.363636363636364
C_72799,0.363636363636364
C_185761,0.363636363636364
C_276814,0.363636363636364
C_475201,0.363636363636364
C_136315,0.363636363636364
C_5866,0.363636363636364
C_68779,0.363636363636364
C_369475,0.363636363636364
C_488065,0.363636363636364
C_49282,0.363636363636364
C_101542,0.363636363636364
C_127270,0.363636363636364
C_528868,0.363636363636364
C_94709,0.373737373737374
C_272795,0.373737373737374
C_521633,0.373737373737374
C_74408,0.373737373737374
C_409073,0.373737373737374
C_353798,0.373737373737374
C_327266,0.373737373737374
C_144758,0.373737373737374
C_537914,0.373737373737374
C_15113,0.373737373737374
C_461333,0.373737373737374
C_560024,0.373737373737374
C_132296,0.373737373737374
C_42047,0.373737373737374
C_116819,0.373737373737374
C_202445,0.373737373737374
C_178124,0.373737373737374
C_506759,0.373737373737374
C_33203,0.373737373737374
C_379325,0.373737373737374
C_222947,0.373737373737374
C_274001,0.373737373737374
C_404450,0.373737373737374
C_113804,0.373737373737374
C_77825,0.373737373737374
C_398621,0.373737373737374
C_523643,0.373737373737374
C_261941,0.373737373737374
C_538517,0.373737373737374
C_47876,0.373737373737374
C_98529,0.383838383838384
C_544749,0.383838383838384
C_455304,0.383838383838384
C_441234,0.383838383838384
C_269580,0.383838383838384
C_21144,0.383838383838384
C_289278,0.383838383838384
C_202647,0.383838383838384
C_240033,0.383838383838384
C_543543,0.383838383838384
C_318021,0.383838383838384
C_567060,0.383838383838384
C_439626,0.383838383838384
C_263952,0.383838383838384
C_398421,0.383838383838384
C_591381,0.383838383838384
C_474600,0.383838383838384
C_291891,0.383838383838384
C_524046,0.383838383838384
C_205662,0.383838383838384
C_403446,0.383838383838384
C_540126,0.383838383838384
C_216516,0.383838383838384
C_132900,0.383838383838384
C_382944,0.383838383838384
C_550377,0.383838383838384
C_502338,0.383838383838384
C_585753,0.383838383838384
C_256917,0.383838383838384
C_182547,0.383838383838384
C_410080,0.393939393939394
C_90892,0.393939393939394
C_466561,0.393939393939394
C_12502,0.393939393939394
C_342142,0.393939393939394
C_125062,0.393939393939394
C_232597,0.393939393939394
C_585754,0.393939393939394
C_565654,0.393939393939394
C_330685,0.393939393939394
C_406864,0.393939393939394
C_516409,0.393939393939394
C_258124,0.393939393939394
C_564649,0.393939393939394
C_589774,0.393939393939394
C_324454,0.393939393939394
C_541735,0.393939393939394
C_596407,0.393939393939394
C_327469,0.393939393939394
C_252295,0.393939393939394
C_37627,0.393939393939394
C_119233,0.393939393939394
C_551785,0.393939393939394
C_302143,0.393939393939394
C_405859,0.393939393939394
C_339529,0.393939393939394
C_405658,0.393939393939394
C_584347,0.393939393939394
C_366865,0.393939393939394
C_360835,0.393939393939394
C_76823,0.404040404040404
C_252497,0.404040404040404
C_513395,0.404040404040404
C_442643,0.404040404040404
C_396212,0.404040404040404
C_149183,0.404040404040404
C_227975,0.404040404040404
C_531686,0.404040404040404
C_463547,0.404040404040404
C_384353,0.404040404040404
C_11900,0.404040404040404
C_333500,0.404040404040404
C_536711,0.404040404040404
C_440231,0.404040404040404
C_512189,0.404040404040404
C_49889,0.404040404040404
C_174308,0.404040404040404
C_577715,0.404040404040404
C_246869,0.404040404040404
C_263552,0.404040404040404
C_332495,0.404040404040404
C_71798,0.404040404040404
C_521636,0.404040404040404
C_359630,0.404040404040404
C_544148,0.404040404040404
C_237824,0.404040404040404
C_236216,0.404040404040404
C_85868,0.404040404040404
C_79838,0.404040404040404
C_414503,0.404040404040404
C_173103,0.414141414141414
C_551184,0.414141414141414
C_405057,0.414141414141414
C_9690,0.414141414141414
C_390987,0.414141414141414
C_364053,0.414141414141414
C_401439,0.414141414141414
C_221544,0.414141414141414
C_38634,0.414141414141414
C_538320,0.414141414141414
C_363852,0.414141414141414
C_476613,0.414141414141414
C_152400,0.414141414141414
C_401841,0.414141414141414
C_216519,0.414141414141414
C_320637,0.414141414141414
C_35619,0.414141414141414
C_381741,0.414141414141414
C_490080,0.414141414141414
C_418926,0.414141414141414
C_137325,0.414141414141414
C_242046,0.414141414141414
C_24966,0.414141414141414
C_122250,0.414141414141414
C_322848,0.414141414141414
C_232599,0.414141414141414
C_127074,0.414141414141414
C_263553,0.414141414141414
C_116823,0.414141414141414
C_37026,0.414141414141414
C_27178,0.424242424242424
C_529678,0.424242424242424
C_186973,0.424242424242424
C_229585,0.424242424242424
C_87277,0.424242424242424
C_445258,0.424242424242424
C_244057,0.424242424242424
C_526261,0.424242424242424
C_457519,0.424242424242424
C_424756,0.424242424242424
C_10294,0.424242424242424
C_131698,0.424242424242424
C_157828,0.424242424242424
C_35620,0.424242424242424
C_272197,0.424242424242424
C_11902,0.424242424242424
C_436816,0.424242424242424
C_536713,0.424242424242424
C_372094,0.424242424242424
C_171496,0.424242424242424
C_364456,0.424242424242424
C_219334,0.424242424242424
C_8887,0.424242424242424
C_453499,0.424242424242424
C_397621,0.424242424242424
C_220942,0.424242424242424
C_253102,0.424242424242424
C_99940,0.424242424242424
C_185566,0.424242424242424
C_249082,0.424242424242424
C_308378,0.434343434343434
C_77630,0.434343434343434
C_352799,0.434343434343434
C_192200,0.434343434343434
C_298328,0.434343434343434
C_411491,0.434343434343434
C_271796,0.434343434343434
C_302348,0.434343434343434
C_265766,0.434343434343434
C_600833,0.434343434343434
C_67580,0.434343434343434
C_367472,0.434343434343434
C_462947,0.434343434343434
C_270590,0.434343434343434
C_138533,0.434343434343434
C_527066,0.434343434343434
C_251294,0.434343434343434
C_347975,0.434343434343434
C_4466,0.434343434343434
C_384557,0.434343434343434
C_601838,0.434343434343434
C_55319,0.434343434343434
C_511991,0.434343434343434
C_296720,0.434343434343434
C_580934,0.434343434343434
C_186773,0.434343434343434
C_432998,0.434343434343434
C_127076,0.434343434343434
C_416918,0.434343434343434
C_550583,0.434343434343434
C_200643,0.444444444444444
C_158433,0.444444444444444
C_376719,0.444444444444444
C_266571,0.444444444444444
C_372900,0.444444444444444
C_410688,0.444444444444444
C_230190,0.444444444444444
C_81450,0.444444444444444
C_484254,0.444444444444444
C_481842,0.444444444444444
C_254109,0.444444444444444
C_204060,0.444444444444444
C_545559,0.444444444444444
C_282450,0.444444444444444
C_290691,0.444444444444444
C_83058,0.444444444444444
C_569277,0.444444444444444
C_100746,0.444444444444444
C_204261,0.444444444444444
C_557619,0.444444444444444
C_159840,0.444444444444444
C_593196,0.444444444444444
C_376518,0.444444444444444
C_290088,0.444444444444444
C_405261,0.444444444444444
C_383352,0.444444444444444
C_543348,0.444444444444444
C_195216,0.444444444444444
C_126474,0.444444444444444
C_504756,0.444444444444444
C_58537,0.454545454545455
C_340741,0.454545454545455
C_416920,0.454545454545455
C_162454,0.454545454545455
C_271798,0.454545454545455
C_82858,0.454545454545455
C_377926,0.454545454545455
C_329485,0.454545454545455
C_565861,0.454545454545455
C_181147,0.454545454545455
C_379534,0.454545454545455
C_408076,0.454545454545455
C_76426,0.454545454545455
C_219940,0.454545454545455
C_356620,0.454545454545455
C_337525,0.454545454545455
C_501541,0.454545454545455
C_217528,0.454545454545455
C_314008,0.454545454545455
C_484255,0.454545454545455
C_566665,0.454545454545455
C_290893,0.454545454545455
C_312400,0.454545454545455
C_3463,0.454545454545455
C_415111,0.454545454545455
C_546364,0.454545454545455
C_479632,0.454545454545455
C_131701,0.454545454545455
C_139942,0.454545454545455
C_231799,0.454545454545455
C_373505,0.464646464646465
C_591389,0.464646464646465
C_583751,0.464646464646465
C_67985,0.464646464646465
C_103763,0.464646464646465
C_94919,0.464646464646465
C_355817,0.464646464646465
C_291899,0.464646464646465
C_581540,0.464646464646465
C_321446,0.464646464646465
C_569279,0.464646464646465
C_398429,0.464646464646465
C_486065,0.464646464646465
C_229388,0.464646464646465
C_320441,0.464646464646465
C_185570,0.464646464646465
C_225368,0.464646464646465
C_376721,0.464646464646465
C_182354,0.464646464646465
C_5675,0.464646464646465
C_74015,0.464646464646465
C_140345,0.464646464646465
C_587168,0.464646464646465
C_445061,0.464646464646465
C_98336,0.464646464646465
C_60548,0.464646464646465
C_398027,0.464646464646465
C_112607,0.464646464646465
C_570887,0.464646464646465
C_506969,0.464646464646465
C_439032,0.474747474747475
C_97533,0.474747474747475
C_257328,0.474747474747475
C_241851,0.474747474747475
C_544356,0.474747474747475
C_559632,0.474747474747475
C_572898,0.474747474747475
C_247881,0.474747474747475
C_595611,0.474747474747475
C_182757,0.474747474747475
C_548175,0.474747474747475
C_215922,0.474747474747475
C_247278,0.474747474747475
C_345768,0.474747474747475
C_316623,0.474747474747475
C_399033,0.474747474747475
C_239841,0.474747474747475
C_393204,0.474747474747475
C_93915,0.474747474747475
C_110799,0.474747474747475
C_412098,0.474747474747475
C_90096,0.474747474747475
C_543552,0.474747474747475
C_482649,0.474747474747475
C_296523,0.474747474747475
C_543954,0.474747474747475
C_485262,0.474747474747475
C_571692,0.474747474747475
C_87483,0.474747474747475
C_43263,0.474747474747475
C_46681,0.484848484848485
C_227380,0.484848484848485
C_62359,0.484848484848485
C_270595,0.484848484848485
C_467776,0.484848484848485
C_51304,0.484848484848485
C_505966,0.484848484848485
C_272002,0.484848484848485
C_412903,0.484848484848485
C_541342,0.484848484848485
C_105172,0.484848484848485
C_224365,0.484848484848485
C_380140,0.484848484848485
C_242455,0.484848484848485
C_396220,0.484848484848485
C_532900,0.484848484848485
C_153211,0.484848484848485
C_158236,0.484848484848485
C_492700,0.484848484848485
C_291298,0.484848484848485
C_533101,0.484848484848485
C_53917,0.484848484848485
C_43867,0.484848484848485
C_441445,0.484848484848485
C_281248,0.484848484848485
C_10501,0.484848484848485
C_59545,0.484848484848485
C_292102,0.484848484848485
C_594004,0.484848484848485
C_500740,0.484848484848485
C_221552,0.494949494949495
C_334313,0.494949494949495
C_453707,0.494949494949495
C_98138,0.494949494949495
C_317831,0.494949494949495
C_260546,0.494949494949495
C_98741,0.494949494949495
C_201050,0.494949494949495
C_443456,0.494949494949495
C_165473,0.494949494949495
C_485867,0.494949494949495
C_488078,0.494949494949495
C_453305,0.494949494949495
C_481847,0.494949494949495
C_134519,0.494949494949495
C_162659,0.494949494949495
C_569684,0.494949494949495
C_482852,0.494949494949495
C_348182,0.494949494949495
C_144770,0.494949494949495
C_427175,0.494949494949495
C_101354,0.494949494949495
C_234416,0.494949494949495
C_545564,0.494949494949495
C_572096,0.494949494949495
C_581945,0.494949494949495
C_35828,0.494949494949495
C_93314,0.494949494949495
C_238436,0.494949494949495
C_195623,0.494949494949495
C_364464,0.505050505050505
C_184167,0.505050505050505
C_297129,0.505050505050505
C_518832,0.505050505050505
C_185775,0.505050505050505
C_60552,0.505050505050505
C_322254,0.505050505050505
C_62964,0.505050505050505
C_393006,0.505050505050505
C_221955,0.505050505050505
C_61155,0.505050505050505
C_261954,0.505050505050505
C_191403,0.505050505050505
C_142158,0.505050505050505
C_21759,0.505050505050505
C_589986,0.505050505050505
C_287079,0.505050505050505
C_220950,0.505050505050505
C_286878,0.505050505050505
C_69195,0.505050505050505
C_177735,0.505050505050505
C_362253,0.505050505050505
C_232809,0.505050505050505
C_251301,0.505050505050505
C_117033,0.505050505050505
C_260949,0.505050505050505
C_506973,0.505050505050505
C_584760,0.505050505050505
C_81255,0.505050505050505
C_535314,0.505050505050505
C_580138,0.515151515151515
C_174118,0.515151515151515
C_275824,0.515151515151515
C_517426,0.515151515151515
C_134923,0.515151515151515
C_56533,0.515151515151515
C_581545,0.515151515151515
C_43870,0.515151515151515
C_62362,0.515151515151515
C_51508,0.515151515151515
C_602047,0.515151515151515
C_582349,0.515151515151515
C_599032,0.515151515151515
C_532099,0.515151515151515
C_588781,0.515151515151515
C_396223,0.515151515151515
C_366877,0.515151515151515
C_115828,0.515151515151515
C_583957,0.515151515151515
C_459337,0.515151515151515
C_531697,0.515151515151515
C_199042,0.515151515151515
C_380746,0.515151515151515
C_517225,0.515151515151515
C_210097,0.515151515151515
C_462955,0.515151515151515
C_199846,0.515151515151515
C_124069,0.515151515151515
C_478432,0.515151515151515
C_486673,0.515151515151515
C_477026,0.525252525252525
C_82262,0.525252525252525
C_521045,0.525252525252525
C_358235,0.525252525252525
C_561848,0.525252525252525
C_418937,0.525252525252525
C_255524,0.525252525252525
C_54725,0.525252525252525
C_153014,0.525252525252525
C_157637,0.525252525252525
C_462956,0.525252525252525
C_305975,0.525252525252525
C_19148,0.525252525252525
C_198440,0.525252525252525
C_405671,0.525252525252525
C_211505,0.525252525252525
C_567074,0.525252525252525
C_418133,0.525252525252525
C_169295,0.525252525252525
C_147386,0.525252525252525
C_600440,0.525252525252525
C_443861,0.525252525252525
C_377933,0.525252525252525
C_399038,0.525252525252525
C_52112,0.525252525252525
C_260549,0.525252525252525
C_494714,0.525252525252525
C_207887,0.525252525252525
C_120653,0.525252525252525
C_221957,0.525252525252525
C_39450,0.535353535353535
C_56334,0.535353535353535
C_418536,0.535353535353535
C_20154,0.535353535353535
C_420345,0.535353535353535
C_141759,0.535353535353535
C_463761,0.535353535353535
C_443259,0.535353535353535
C_206079,0.535353535353535
C_415923,0.535353535353535
C_357834,0.535353535353535
C_599838,0.535353535353535
C_506373,0.535353535353535
C_526071,0.535353535353535
C_435018,0.535353535353535
C_26184,0.535353535353535
C_258138,0.535353535353535
C_527478,0.535353535353535
C_77640,0.535353535353535
C_280650,0.535353535353535
C_223164,0.535353535353535
C_145779,0.535353535353535
C_225576,0.535353535353535
C_428787,0.535353535353535
C_150402,0.535353535353535
C_434214,0.535353535353535
C_527277,0.535353535353535
C_11310,0.535353535353535
C_399843,0.535353535353535
C_191607,0.535353535353535
C_211306,0.545454545454545
C_503962,0.545454545454545
C_106786,0.545454545454545
C_504565,0.545454545454545
C_49300,0.545454545454545
C_152212,0.545454545454545
C_272410,0.545454545454545
C_61762,0.545454545454545
C_360046,0.545454545454545
C_502354,0.545454545454545
C_499540,0.545454545454545
C_317434,0.545454545454545
C_468988,0.545454545454545
C_443260,0.545454545454545
C_196231,0.545454545454545
C_111409,0.545454545454545
C_572503,0.545454545454545
C_443461,0.545454545454545
C_6286,0.545454545454545
C_32215,0.545454545454545
C_150001,0.545454545454545
C_77038,0.545454545454545
C_191005,0.545454545454545
C_179749,0.545454545454545
C_120454,0.545454545454545
C_560845,0.545454545454545
C_596422,0.545454545454545
C_249697,0.545454545454545
C_392608,0.545454545454545
C_565066,0.545454545454545
C_289295,0.555555555555556
C_312209,0.555555555555556
C_488888,0.555555555555556
C_31412,0.555555555555556
C_438839,0.555555555555556
C_154424,0.555555555555556
C_488285,0.555555555555556
C_94526,0.555555555555556
C_555419,0.555555555555556
C_520445,0.555555555555556
C_463361,0.555555555555556
C_177740,0.555555555555556
C_35834,0.555555555555556
C_458336,0.555555555555556
C_361454,0.555555555555556
C_340148,0.555555555555556
C_518435,0.555555555555556
C_442859,0.555555555555556
C_324671,0.555555555555556
C_296531,0.555555555555556
C_582152,0.555555555555556
C_480446,0.555555555555556
C_57743,0.555555555555556
C_381152,0.555555555555556
C_466577,0.555555555555556
C_501953,0.555555555555556
C_48296,0.555555555555556
C_293516,0.555555555555556
C_378539,0.555555555555556
C_442658,0.555555555555556
C_148998,0.565656565656566
C_90909,0.565656565656566
C_592203,0.565656565656566
C_592404,0.565656565656566
C_132315,0.565656565656566
C_374520,0.565656565656566
C_302964,0.565656565656566
C_53523,0.565656565656566
C_532707,0.565656565656566
C_333918,0.565656565656566
C_3474,0.565656565656566
C_21966,0.565656565656566
C_354420,0.565656565656566
C_267186,0.565656565656566
C_451905,0.565656565656566
C_48699,0.565656565656566
C_347385,0.565656565656566
C_456327,0.565656565656566
C_372309,0.565656565656566
C_65583,0.565656565656566
C_219549,0.565656565656566
C_214725,0.565656565656566
C_232011,0.565656565656566
C_508989,0.565656565656566
C_116637,0.565656565656566
C_152013,0.565656565656566
C_215931,0.565656565656566
C_581751,0.565656565656566
C_114426,0.565656565656566
C_27996,0.565656565656566
C_150205,0.575757575757576
C_494116,0.575757575757576
C_292915,0.575757575757576
C_573310,0.575757575757576
C_413716,0.575757575757576
C_446278,0.575757575757576
C_542959,0.575757575757576
C_546376,0.575757575757576
C_426178,0.575757575757576
C_307588,0.575757575757576
C_171511,0.575757575757576
C_375727,0.575757575757576
C_514417,0.575757575757576
C_342160,0.575757575757576
C_568084,0.575757575757576
C_217540,0.575757575757576
C_285277,0.575757575757576
C_506980,0.575757575757576
C_116035,0.575757575757576
C_107593,0.575757575757576
C_230605,0.575757575757576
C_456328,0.575757575757576
C_320251,0.575757575757576
C_211912,0.575757575757576
C_536929,0.575757575757576
C_1867,0.575757575757576
C_273619,0.575757575757576
C_492106,0.575757575757576
C_576325,0.575757575757576
C_312010,0.575757575757576
C_214727,0.585858585858586
C_134327,0.585858585858586
C_305579,0.585858585858586
C_173723,0.585858585858586
C_295127,0.585858585858586
C_362663,0.585858585858586
C_352010,0.585858585858586
C_519041,0.585858585858586
C_125483,0.585858585858586
C_392210,0.585858585858586
C_516428,0.585858585858586
C_272414,0.585858585858586
C_447887,0.585858585858586
C_180758,0.585858585858586
C_384572,0.585858585858586
C_378743,0.585858585858586
C_434219,0.585858585858586
C_496730,0.585858585858586
C_76037,0.585858585858586
C_303368,0.585858585858586
C_379949,0.585858585858586
C_433013,0.585858585858586
C_229199,0.585858585858586
C_241460,0.585858585858586
C_306785,0.585858585858586
C_507785,0.585858585858586
C_529292,0.585858585858586
C_95534,0.585858585858586
C_185783,0.585858585858586
C_56339,0.585858585858586
C_572508,0.595959595959596
C_165282,0.595959595959596
C_454923,0.595959595959596
C_518238,0.595959595959596
C_281460,0.595959595959596
C_69807,0.595959595959596
C_346182,0.595959595959596
C_414522,0.595959595959596
C_541554,0.595959595959596
C_275229,0.595959595959596
C_388593,0.595959595959596
C_121866,0.595959595959596
C_86088,0.595959595959596
C_461958,0.595959595959596
C_172920,0.595959595959596
C_507183,0.595959595959596
C_260556,0.595959595959596
C_132117,0.595959595959596
C_76038,0.595959595959596
C_189000,0.595959595959596
C_135534,0.595959595959596
C_302565,0.595959595959596
C_473817,0.595959595959596
C_367287,0.595959595959596
C_278043,0.595959595959596
C_59556,0.595959595959596
C_117042,0.595959595959596
C_526077,0.595959595959596
C_138147,0.595959595959596
C_330102,0.595959595959596
C_14734,0.606060606060606
C_524470,0.606060606060606
C_305380,0.606060606060606
C_182569,0.606060606060606
C_390805,0.606060606060606
C_102571,0.606060606060606
C_281863,0.606060606060606
C_525274,0.606060606060606
C_463768,0.606060606060606
C_288496,0.606060606060606
C_351610,0.606060606060606
C_228799,0.606060606060606
C_185785,0.606060606060606
C_65788,0.606060606060606
C_204277,0.606060606060606
C_477235,0.606060606060606
C_259753,0.606060606060606
C_66391,0.606060606060606
C_273622,0.606060606060606
C_481858,0.606060606060606
C_267592,0.606060606060606
C_201463,0.606060606060606
C_65386,0.606060606060606
C_535525,0.606060606060606
C_78451,0.606060606060606
C_372313,0.606060606060606
C_435628,0.606060606060606
C_146791,0.606060606060606
C_178549,0.606060606060606
C_164077,0.606060606060606
C_401660,0.616161616161616
C_571304,0.616161616161616
C_156038,0.616161616161616
C_201464,0.616161616161616
C_315029,0.616161616161616
C_97346,0.616161616161616
C_128903,0.616161616161616
C_220961,0.616161616161616
C_121466,0.616161616161616
C_342968,0.616161616161616
C_156842,0.616161616161616
C_540350,0.616161616161616
C_446885,0.616161616161616
C_323270,0.616161616161616
C_598841,0.616161616161616
C_323471,0.616161616161616
C_326084,0.616161616161616
C_13730,0.616161616161616
C_141164,0.616161616161616
C_564470,0.616161616161616
C_88502,0.616161616161616
C_3278,0.616161616161616
C_320657,0.616161616161616
C_38855,0.616161616161616
C_234830,0.616161616161616
C_73427,0.616161616161616
C_303572,0.616161616161616
C_273221,0.616161616161616
C_222770,0.616161616161616
C_474221,0.616161616161616
C_425178,0.626262626262626
C_8103,0.626262626262626
C_389199,0.626262626262626
C_558642,0.626262626262626
C_457539,0.626262626262626
C_388596,0.626262626262626
C_281061,0.626262626262626
C_185184,0.626262626262626
C_503769,0.626262626262626
C_463971,0.626262626262626
C_189606,0.626262626262626
C_6495,0.626262626262626
C_444675,0.626262626262626
C_462966,0.626262626262626
C_427791,0.626262626262626
C_485277,0.626262626262626
C_412113,0.626262626262626
C_539346,0.626262626262626
C_548994,0.626262626262626
C_207093,0.626262626262626
C_313422,0.626262626262626
C_392415,0.626262626262626
C_60564,0.626262626262626
C_345180,0.626262626262626
C_16344,0.626262626262626
C_456936,0.626262626262626
C_23580,0.626262626262626
C_600249,0.626262626262626
C_217947,0.626262626262626
C_168300,0.626262626262626
C_319654,0.636363636363636
C_302770,0.636363636363636
C_267193,0.636363636363636
C_540955,0.636363636363636
C_379150,0.636363636363636
C_540754,0.636363636363636
C_448093,0.636363636363636
C_450907,0.636363636363636
C_208702,0.636363636363636
C_200662,0.636363636363636
C_568291,0.636363636363636
C_569698,0.636363636363636
C_430003,0.636363636363636
C_512413,0.636363636363636
C_306790,0.636363636363636
C_519850,0.636363636363636
C_534121,0.636363636363636
C_522262,0.636363636363636
C_164281,0.636363636363636
C_203074,0.636363636363636
C_330508,0.636363636363636
C_369502,0.636363636363636
C_186592,0.636363636363636
C_263374,0.636363636363636
C_329905,0.636363636363636
C_409702,0.636363636363636
C_441661,0.636363636363636
C_515026,0.636363636363636
C_304780,0.636363636363636
C_94132,0.636363636363636
C_483068,0.646464646464647
C_43481,0.646464646464647
C_303977,0.646464646464647
C_414527,0.646464646464647
C_6497,0.646464646464647
C_17150,0.646464646464647
C_111419,0.646464646464647
C_495329,0.646464646464647
C_17552,0.646464646464647
C_34436,0.646464646464647
C_346388,0.646464646464647
C_44285,0.646464646464647
C_68003,0.646464646464647
C_219959,0.646464646464647
C_483872,0.646464646464647
C_408095,0.646464646464647
C_295937,0.646464646464647
C_368297,0.646464646464647
C_259355,0.646464646464647
C_595226,0.646464646464647
C_223376,0.646464646464647
C_289907,0.646464646464647
C_284882,0.646464646464647
C_56144,0.646464646464647
C_485681,0.646464646464647
C_488294,0.646464646464647
C_286691,0.646464646464647
C_68606,0.646464646464647
C_67400,0.646464646464647
C_261164,0.646464646464647
C_242070,0.656565656565657
C_259758,0.656565656565657
C_236643,0.656565656565657
C_545580,0.656565656565657
C_55944,0.656565656565657
C_137952,0.656565656565657
C_89913,0.656565656565657
C_69813,0.656565656565657
C_147801,0.656565656565657
C_450105,0.656565656565657
C_178152,0.656565656565657
C_15744,0.656565656565657
C_472014,0.656565656565657
C_132927,0.656565656565657
C_446688,0.656565656565657
C_204081,0.656565656565657
C_121470,0.656565656565657
C_471813,0.656565656565657
C_219759,0.656565656565657
C_578946,0.656565656565657
C_228201,0.656565656565657
C_188001,0.656565656565657
C_84888,0.656565656565657
C_170514,0.656565656565657
C_532314,0.656565656565657
C_523671,0.656565656565657
C_66798,0.656565656565657
C_129108,0.656565656565657
C_330108,0.656565656565657
C_321867,0.656565656565657
C_99964,0.666666666666667
C_28810,0.666666666666667
C_585379,0.666666666666667
C_329908,0.666666666666667
C_349606,0.666666666666667
C_471211,0.666666666666667
C_391816,0.666666666666667
C_459352,0.666666666666667
C_242272,0.666666666666667
C_490708,0.666666666666667
C_265588,0.666666666666667
C_379555,0.666666666666667
C_406288,0.666666666666667
C_390208,0.666666666666667
C_446488,0.666666666666667
C_534928,0.666666666666667
C_22177,0.666666666666667
C_428800,0.666666666666667
C_259558,0.666666666666667
C_320662,0.666666666666667
C_372319,0.666666666666667
C_404278,0.666666666666667
C_342772,0.666666666666667
C_141169,0.666666666666667
C_212926,0.666666666666667
C_500959,0.666666666666667
C_497542,0.666666666666667
C_199459,0.666666666666667
C_430207,0.666666666666667
C_205489,0.666666666666667
C_22781,0.676767676767677
C_1274,0.676767676767677
C_52328,0.676767676767677
C_601661,0.676767676767677
C_559250,0.676767676767677
C_265790,0.676767676767677
C_528095,0.676767676767677
C_487292,0.676767676767677
C_544376,0.676767676767677
C_182375,0.676767676767677
C_47906,0.676767676767677
C_565280,0.676767676767677
C_377144,0.676767676767677
C_550205,0.676767676767677
C_333326,0.676767676767677
C_452117,0.676767676767677
C_458951,0.676767676767677
C_267398,0.676767676767677
C_263780,0.676767676767677
C_357044,0.676767676767677
C_145994,0.676767676767677
C_273227,0.676767676767677
C_134135,0.676767676767677
C_104588,0.676767676767677
C_543572,0.676767676767677
C_587792,0.676767676767677
C_152024,0.676767676767677
C_460157,0.676767676767677
C_500156,0.676767676767677
C_537140,0.676767676767677
C_466791,0.686868686868687
C_42078,0.686868686868687
C_361266,0.686868686868687
C_351618,0.686868686868687
C_235038,0.686868686868687
C_471,0.686868686868687
C_307800,0.686868686868687
C_333126,0.686868686868687
C_386592,0.686868686868687
C_205893,0.686868686868687
C_339357,0.686868686868687
C_354231,0.686868686868687
C_164487,0.686868686868687
C_588195,0.686868686868687
C_580356,0.686868686868687
C_331116,0.686868686868687
C_427797,0.686868686868687
C_40068,0.686868686868687
C_443475,0.686868686868687
C_127503,0.686868686868687
C_602064,0.686868686868687
C_174738,0.686868686868687
C_158055,0.686868686868687
C_500157,0.686868686868687
C_333528,0.686868686868687
C_162075,0.686868686868687
C_119463,0.686868686868687
C_263379,0.686868686868687
C_243078,0.686868686868687
C_93333,0.686868686868687
C_173332,0.696969696969697
C_503776,0.696969696969697
C_51928,0.696969696969697
C_596638,0.696969696969697
C_141373,0.696969696969697
C_10723,0.696969696969697
C_199261,0.696969696969697
C_183784,0.696969696969697
C_244084,0.696969696969697
C_511213,0.696969696969697
C_444481,0.696969696969697
C_563875,0.696969696969697
C_371116,0.696969696969697
C_372523,0.696969696969697
C_40270,0.696969696969697
C_551614,0.696969696969697
C_238858,0.696969696969697
C_579955,0.696969696969697
C_472621,0.696969696969697
C_521665,0.696969696969697
C_40672,0.696969696969697
C_219160,0.696969696969697
C_482269,0.696969696969697
C_426391,0.696969696969697
C_156649,0.696969696969697
C_369508,0.696969696969697
C_319057,0.696969696969697
C_250717,0.696969696969697
C_427597,0.696969696969697
C_361066,0.696969696969697
C_529706,0.707070707070707
C_126500,0.707070707070707
C_495737,0.707070707070707
C_195443,0.707070707070707
C_335138,0.707070707070707
C_357851,0.707070707070707
C_24191,0.707070707070707
C_70823,0.707070707070707
C_86099,0.707070707070707
C_96752,0.707070707070707
C_360263,0.707070707070707
C_93938,0.707070707070707
C_45296,0.707070707070707
C_82481,0.707070707070707
C_20975,0.707070707070707
C_471818,0.707070707070707
C_65798,0.707070707070707
C_417749,0.707070707070707
C_470612,0.707070707070707
C_141374,0.707070707070707
C_475637,0.707070707070707
C_12332,0.707070707070707
C_80471,0.707070707070707
C_117656,0.707070707070707
C_365288,0.707070707070707
C_486089,0.707070707070707
C_355439,0.707070707070707
C_557243,0.707070707070707
C_25397,0.707070707070707
C_142178,0.707070707070707
C_425790,0.717171717171717
C_99165,0.717171717171717
C_262779,0.717171717171717
C_29418,0.717171717171717
C_415740,0.717171717171717
C_480060,0.717171717171717
C_308205,0.717171717171717
C_557646,0.717171717171717
C_377751,0.717171717171717
C_495939,0.717171717171717
C_465990,0.717171717171717
C_363882,0.717171717171717
C_285492,0.717171717171717
C_438252,0.717171717171717
C_456945,0.717171717171717
C_49116,0.717171717171717
C_593223,0.717171717171717
C_557244,0.717171717171717
C_387399,0.717171717171717
C_182982,0.717171717171717
C_558249,0.717171717171717
C_127707,0.717171717171717
C_93135,0.717171717171717
C_548601,0.717171717171717
C_571515,0.717171717171717
C_334335,0.717171717171717
C_69819,0.717171717171717
C_290517,0.717171717171717
C_547797,0.717171717171717
C_66402,0.717171717171717
C_265192,0.727272727272727
C_553627,0.727272727272727
C_121477,0.727272727272727
C_223987,0.727272727272727
C_292327,0.727272727272727
C_191224,0.727272727272727
C_588802,0.727272727272727
C_266398,0.727272727272727
C_71830,0.727272727272727
C_474232,0.727272727272727
C_383581,0.727272727272727
C_299965,0.727272727272727
C_39871,0.727272727272727
C_259162,0.727272727272727
C_558250,0.727272727272727
C_140371,0.727272727272727
C_73237,0.727272727272727
C_78463,0.727272727272727
C_268207,0.727272727272727
C_142582,0.727272727272727
C_498553,0.727272727272727
C_158260,0.727272727272727
C_240067,0.727272727272727
C_207706,0.727272727272727
C_129718,0.727272727272727
C_238861,0.727272727272727
C_396445,0.727272727272727
C_40273,0.727272727272727
C_125095,0.727272727272727
C_433429,0.727272727272727
C_164492,0.737373737373737
C_511016,0.737373737373737
C_363482,0.737373737373737
C_160271,0.737373737373737
C_74444,0.737373737373737
C_218963,0.737373737373737
C_389210,0.737373737373737
C_17561,0.737373737373737
C_8516,0.737373737373737
C_221777,0.737373737373737
C_166904,0.737373737373737
C_364688,0.737373737373737
C_596642,0.737373737373737
C_545186,0.737373737373737
C_584381,0.737373737373737
C_95549,0.737373737373737
C_230621,0.737373737373737
C_416948,0.737373737373737
C_81680,0.737373737373737
C_211124,0.737373737373737
C_209315,0.737373737373737
C_327302,0.737373737373737
C_351422,0.737373737373737
C_399260,0.737373737373737
C_264992,0.737373737373737
C_575537,0.737373737373737
C_140573,0.737373737373737
C_371924,0.737373737373737
C_332729,0.737373737373737
C_588803,0.737373737373737
C_178362,0.747474747474748
C_470817,0.747474747474748
C_35853,0.747474747474748
C_247104,0.747474747474748
C_194442,0.747474747474748
C_24396,0.747474747474748
C_403080,0.747474747474748
C_428406,0.747474747474748
C_11331,0.747474747474748
C_545187,0.747474747474748
C_42084,0.747474747474748
C_245496,0.747474747474748
C_352428,0.747474747474748
C_90123,0.747474747474748
C_425793,0.747474747474748
C_95751,0.747474747474748
C_9723,0.747474747474748
C_534333,0.747474747474748
C_449913,0.747474747474748
C_346197,0.747474747474748
C_529107,0.747474747474748
C_35250,0.747474747474748
C_288108,0.747474747474748
C_189015,0.747474747474748
C_448908,0.747474747474748
C_494133,0.747474747474748
C_167508,0.747474747474748
C_91731,0.747474747474748
C_294741,0.747474747474748
C_118665,0.747474747474748
C_533128,0.757575757575758
C_316249,0.757575757575758
C_360067,0.757575757575758
C_271828,0.757575757575758
C_163489,0.757575757575758
C_341575,0.757575757575758
C_427402,0.757575757575758
C_7312,0.757575757575758
C_119671,0.757575757575758
C_278662,0.757575757575758
C_133942,0.757575757575758
C_3091,0.757575757575758
C_363685,0.757575757575758
C_245899,0.757575757575758
C_159268,0.757575757575758
C_94345,0.757575757575758
C_253939,0.757575757575758
C_393433,0.757575757575758
C_394438,0.757575757575758
C_243889,0.757575757575758
C_509209,0.757575757575758
C_88918,0.757575757575758
C_49924,0.757575757575758
C_476848,0.757575757575758
C_245497,0.757575757575758
C_220975,0.757575757575758
C_69622,0.757575757575758
C_537349,0.757575757575758
C_471421,0.757575757575758
C_416548,0.757575757575758
C_317054,0.767676767676768
C_540365,0.767676767676768
C_142988,0.767676767676768
C_476045,0.767676767676768
C_101984,0.767676767676768
C_145802,0.767676767676768
C_150626,0.767676767676768
C_510014,0.767676767676768
C_269015,0.767676767676768
C_381977,0.767676767676768
C_182183,0.767676767676768
C_366701,0.767676767676768
C_27815,0.767676767676768
C_5303,0.767676767676768
C_568505,0.767676767676768
C_388811,0.767676767676768
C_486698,0.767676767676768
C_172535,0.767676767676768
C_439061,0.767676767676768
C_392429,0.767676767676768
C_14147,0.767676767676768
C_45101,0.767676767676768
C_125099,0.767676767676768
C_41081,0.767676767676768
C_177560,0.767676767676768
C_383786,0.767676767676768
C_412931,0.767676767676768
C_397655,0.767676767676768
C_341576,0.767676767676768
C_387203,0.767676767676768
C_274644,0.777777777777778
C_329316,0.777777777777778
C_341577,0.777777777777778
C_231630,0.777777777777778
C_572325,0.777777777777778
C_345798,0.777777777777778
C_84498,0.777777777777778
C_584184,0.777777777777778
C_431022,0.777777777777778
C_122487,0.777777777777778
C_214746,0.777777777777778
C_206706,0.777777777777778
C_495141,0.777777777777778
C_320673,0.777777777777778
C_93543,0.777777777777778
C_48921,0.777777777777778
C_509613,0.777777777777778
C_228816,0.777777777777778
C_293337,0.777777777777778
C_410319,0.777777777777778
C_172536,0.777777777777778
C_44901,0.777777777777778
C_510618,0.777777777777778
C_259971,0.777777777777778
C_275247,0.777777777777778
C_368511,0.777777777777778
C_589611,0.777777777777778
C_535542,0.777777777777778
C_242283,0.777777777777778
C_135351,0.777777777777778
C_423184,0.787878787878788
C_106006,0.787878787878788
C_449515,0.787878787878788
C_189823,0.787878787878788
C_129925,0.787878787878788
C_356854,0.787878787878788
C_444289,0.787878787878788
C_231631,0.787878787878788
C_416350,0.787878787878788
C_572527,0.787878787878788
C_427405,0.787878787878788
C_152236,0.787878787878788
C_165100,0.787878787878788
C_554839,0.787878787878788
C_593431,0.787878787878788
C_311227,0.787878787878788
C_5908,0.787878787878788
C_342181,0.787878787878788
C_69022,0.787878787878788
C_174547,0.787878787878788
C_471022,0.787878787878788
C_443485,0.787878787878788
C_350623,0.787878787878788
C_286705,0.787878787878788
C_52339,0.787878787878788
C_79,0.787878787878788
C_159874,0.787878787878788
C_310021,0.787878787878788
C_520468,0.787878787878788
C_555040,0.787878787878788
C_516650,0.797979797979798
C_520670,0.797979797979798
C_275852,0.797979797979798
C_61385,0.797979797979798
C_579965,0.797979797979798
C_9527,0.797979797979798
C_270626,0.797979797979798
C_43496,0.797979797979798
C_153041,0.797979797979798
C_137765,0.797979797979798
C_68822,0.797979797979798
C_311630,0.797979797979798
C_225602,0.797979797979798
C_552227,0.797979797979798
C_27416,0.797979797979798
C_584186,0.797979797979798
C_269822,0.797979797979798
C_593633,0.797979797979798
C_540770,0.797979797979798
C_63194,0.797979797979798
C_146006,0.797979797979798
C_25205,0.797979797979798
C_60581,0.797979797979798
C_200075,0.797979797979798
C_546599,0.797979797979798
C_43697,0.797979797979798
C_390221,0.797979797979798
C_28421,0.797979797979798
C_241079,0.797979797979798
C_486098,0.797979797979798
C_66813,0.808080808080808
C_377358,0.808080808080808
C_3498,0.808080808080808
C_389619,0.808080808080808
C_584790,0.808080808080808
C_148218,0.808080808080808
C_575142,0.808080808080808
C_127917,0.808080808080808
C_593634,0.808080808080808
C_193443,0.808080808080808
C_313440,0.808080808080808
C_319470,0.808080808080808
C_540771,0.808080808080808
C_68019,0.808080808080808
C_490521,0.808080808080808
C_585192,0.808080808080808
C_560871,0.808080808080808
C_306003,0.808080808080808
C_265200,0.808080808080808
C_313038,0.808080808080808
C_516852,0.808080808080808
C_221583,0.808080808080808
C_557454,0.808080808080808
C_210930,0.808080808080808
C_89928,0.808080808080808
C_220578,0.808080808080808
C_527304,0.808080808080808
C_325902,0.808080808080808
C_40482,0.808080808080808
C_177363,0.808080808080808
C_495547,0.818181818181818
C_446302,0.818181818181818
C_53347,0.818181818181818
C_216961,0.818181818181818
C_588409,0.818181818181818
C_529918,0.818181818181818
C_186007,0.818181818181818
C_563284,0.818181818181818
C_535345,0.818181818181818
C_20182,0.818181818181818
C_285502,0.818181818181818
C_459166,0.818181818181818
C_284095,0.818181818181818
C_73045,0.818181818181818
C_478261,0.818181818181818
C_416152,0.818181818181818
C_518863,0.818181818181818
C_597052,0.818181818181818
C_241282,0.818181818181818
C_380374,0.818181818181818
C_469216,0.818181818181818
C_4705,0.818181818181818
C_106009,0.818181818181818
C_2494,0.818181818181818
C_186811,0.818181818181818
C_44101,0.818181818181818
C_210730,0.818181818181818
C_514843,0.818181818181818
C_575545,0.818181818181818
C_445699,0.818181818181818
C_83,0.828282828282828
C_249725,0.828282828282828
C_183395,0.828282828282828
C_7118,0.828282828282828
C_565496,0.828282828282828
C_438263,0.828282828282828
C_413741,0.828282828282828
C_316457,0.828282828282828
C_570320,0.828282828282828
C_93749,0.828282828282828
C_365300,0.828282828282828
C_101789,0.828282828282828
C_133145,0.828282828282828
C_535949,0.828282828282828
C_69026,0.828282828282828
C_366908,0.828282828282828
C_350426,0.828282828282828
C_530120,0.828282828282828
C_237062,0.828282828282828
C_291332,0.828282828282828
C_201887,0.828282828282828
C_260378,0.828282828282828
C_325502,0.828282828282828
C_238871,0.828282828282828
C_63599,0.828282828282828
C_188621,0.828282828282828
C_141587,0.828282828282828
C_34655,0.828282828282828
C_129125,0.828282828282828
C_519668,0.828282828282828
C_469620,0.838383838383838
C_190632,0.838383838383838
C_54354,0.838383838383838
C_71037,0.838383838383838
C_423591,0.838383838383838
C_416556,0.838383838383838
C_158271,0.838383838383838
C_253545,0.838383838383838
C_438867,0.838383838383838
C_26415,0.838383838383838
C_108825,0.838383838383838
C_30837,0.838383838383838
C_28023,0.838383838383838
C_181587,0.838383838383838
C_482685,0.838383838383838
C_132945,0.838383838383838
C_145005,0.838383838383838
C_297162,0.838383838383838
C_53550,0.838383838383838
C_321684,0.838383838383838
C_519267,0.838383838383838
C_499368,0.838383838383838
C_222993,0.838383838383838
C_15762,0.838383838383838
C_47319,0.838383838383838
C_541176,0.838383838383838
C_441882,0.838383838383838
C_337362,0.838383838383838
C_49731,0.838383838383838
C_253143,0.838383838383838
C_230833,0.848484848484849
C_336760,0.848484848484849
C_452134,0.848484848484849
C_484495,0.848484848484849
C_151036,0.848484848484849
C_230230,0.848484848484849
C_380578,0.848484848484849
C_555649,0.848484848484849
C_473440,0.848484848484849
C_491932,0.848484848484849
C_306007,0.848484848484849
C_405301,0.848484848484849
C_137368,0.848484848484849
C_197065,0.848484848484849
C_584593,0.848484848484849
C_323695,0.848484848484849
C_369322,0.848484848484849
C_24406,0.848484848484849
C_142996,0.848484848484849
C_380176,0.848484848484849
C_208723,0.848484848484849
C_145609,0.848484848484849
C_16969,0.848484848484849
C_22798,0.848484848484849
C_398869,0.848484848484849
C_3904,0.848484848484849
C_474244,0.848484848484849
C_457561,0.848484848484849
C_157669,0.848484848484849
C_49129,0.848484848484849
C_243497,0.858585858585859
C_593036,0.858585858585859
C_263999,0.858585858585859
C_378971,0.858585858585859
C_59381,0.858585858585859
C_541580,0.858585858585859
C_548012,0.858585858585859
C_292742,0.858585858585859
C_374750,0.858585858585859
C_524696,0.858585858585859
C_577358,0.858585858585859
C_158072,0.858585858585859
C_476456,0.858585858585859
C_7523,0.858585858585859
C_456557,0.858585858585859
C_514445,0.858585858585859
C_293144,0.858585858585859
C_131339,0.858585858585859
C_398870,0.858585858585859
C_38075,0.858585858585859
C_323897,0.858585858585859
C_142796,0.858585858585859
C_144404,0.858585858585859
C_543188,0.858585858585859
C_268622,0.858585858585859
C_420980,0.858585858585859
C_529520,0.858585858585859
C_66416,0.858585858585859
C_47723,0.858585858585859
C_360479,0.858585858585859
C_350631,0.868686868686869
C_465402,0.868686868686869
C_550224,0.868686868686869
C_182595,0.868686868686869
C_474849,0.868686868686869
C_231840,0.868686868686869
C_76266,0.868686868686869
C_157269,0.868686868686869
C_215961,0.868686868686869
C_155259,0.868686868686869
C_164706,0.868686868686869
C_565098,0.868686868686869
C_166314,0.868686868686869
C_297567,0.868686868686869
C_20187,0.868686868686869
C_231036,0.868686868686869
C_553038,0.868686868686869
C_201087,0.868686868686869
C_210132,0.868686868686869
C_18981,0.868686868686869
C_583188,0.868686868686869
C_414147,0.868686868686869
C_507411,0.868686868686869
C_438669,0.868686868686869
C_425604,0.868686868686869
C_279879,0.868686868686869
C_594243,0.868686868686869
C_549018,0.868686868686869
C_279075,0.868686868686869
C_44508,0.868686868686869
C_581581,0.878787878787879
C_79483,0.878787878787879
C_43102,0.878787878787879
C_112045,0.878787878787879
C_200485,0.878787878787879
C_559672,0.878787878787879
C_239077,0.878787878787879
C_413947,0.878787878787879
C_316060,0.878787878787879
C_219379,0.878787878787879
C_368722,0.878787878787879
C_323497,0.878787878787879
C_220585,0.878787878787879
C_472237,0.878787878787879
C_134557,0.878787878787879
C_108226,0.878787878787879
C_430429,0.878787878787879
C_506608,0.878787878787879
C_37474,0.878787878787879
C_549019,0.878787878787879
C_490528,0.878787878787879
C_338371,0.878787878787879
C_231841,0.878787878787879
C_537562,0.878787878787879
C_451735,0.878787878787879
C_38479,0.878787878787879
C_211741,0.878787878787879
C_458569,0.878787878787879
C_564094,0.878787878787879
C_190636,0.878787878787879
C_358070,0.888888888888889
C_442892,0.888888888888889
C_595049,0.888888888888889
C_179582,0.888888888888889
C_32048,0.888888888888889
C_43103,0.888888888888889
C_151844,0.888888888888889
C_414953,0.888888888888889
C_285710,0.888888888888889
C_437264,0.888888888888889
C_400481,0.888888888888889
C_51746,0.888888888888889
C_133553,0.888888888888889
C_153452,0.888888888888889
C_174758,0.888888888888889
C_505604,0.888888888888889
C_91142,0.888888888888889
C_231038,0.888888888888889
C_311840,0.888888888888889
C_415757,0.888888888888889
C_507011,0.888888888888889
C_158678,0.888888888888889
C_6320,0.888888888888889
C_188225,0.888888888888889
C_350432,0.888888888888889
C_272846,0.888888888888889
C_277670,0.888888888888889
C_42098,0.888888888888889
C_369527,0.888888888888889
C_129734,0.888888888888889
C_488319,0.898989898989899
C_219783,0.898989898989899
C_409728,0.898989898989899
C_75867,0.898989898989899
C_85113,0.898989898989899
C_95766,0.898989898989899
C_277470,0.898989898989899
C_894,0.898989898989899
C_597060,0.898989898989899
C_115464,0.898989898989899
C_179181,0.898989898989899
C_532137,0.898989898989899
C_270033,0.898989898989899
C_335961,0.898989898989899
C_47526,0.898989898989899
C_596055,0.898989898989899
C_172749,0.898989898989899
C_287118,0.898989898989899
C_10542,0.898989898989899
C_26019,0.898989898989899
C_77877,0.898989898989899
C_535152,0.898989898989899
C_505605,0.898989898989899
C_561282,0.898989898989899
C_43908,0.898989898989899
C_569523,0.898989898989899
C_117072,0.898989898989899
C_227823,0.898989898989899
C_529926,0.898989898989899
C_418170,0.898989898989899
C_23206,0.909090909090909
C_246718,0.909090909090909
C_93556,0.909090909090909
C_555253,0.909090909090909
C_343198,0.909090909090909
C_67024,0.909090909090909
C_204307,0.909090909090909
C_312244,0.909090909090909
C_105817,0.909090909090909
C_448522,0.909090909090909
C_250738,0.909090909090909
C_587011,0.909090909090909
C_118681,0.909090909090909
C_72451,0.909090909090909
C_416764,0.909090909090909
C_424402,0.909090909090909
C_448120,0.909090909090909
C_74059,0.909090909090909
C_503998,0.909090909090909
C_393046,0.909090909090909
C_518068,0.909090909090909
C_532741,0.909090909090909
C_446713,0.909090909090909
C_567916,0.909090909090909
C_287521,0.909090909090909
C_99787,0.909090909090909
C_502390,0.909090909090909
C_158077,0.909090909090909
C_587614,0.909090909090909
C_176971,0.909090909090909
C_143204,0.919191919191919
C_368525,0.919191919191919
C_579173,0.919191919191919
C_339179,0.919191919191919
C_284105,0.919191919191919
C_338777,0.919191919191919
C_587414,0.919191919191919
C_63608,0.919191919191919
C_476663,0.919191919191919
C_233051,0.919191919191919
C_551636,0.919191919191919
C_29237,0.919191919191919
C_505406,0.919191919191919
C_356063,0.919191919191919
C_69839,0.919191919191919
C_45518,0.919191919191919
C_118682,0.919191919191919
C_482894,0.919191919191919
C_265814,0.919191919191919
C_253553,0.919191919191919
C_24815,0.919191919191919
C_193454,0.919191919191919
C_38684,0.919191919191919
C_496763,0.919191919191919
C_490130,0.919191919191919
C_203303,0.919191919191919
C_601886,0.919191919191919
C_177776,0.919191919191919
C_379580,0.919191919191919
C_104612,0.919191919191919
C_61197,0.929292929292929
C_260589,0.929292929292929
C_388827,0.929292929292929
C_246117,0.929292929292929
C_601485,0.929292929292929
C_51348,0.929292929292929
C_392445,0.929292929292929
C_394656,0.929292929292929
C_507819,0.929292929292929
C_274056,0.929292929292929
C_129939,0.929292929292929
C_167124,0.929292929292929
C_51750,0.929292929292929
C_173556,0.929292929292929
C_35871,0.929292929292929
C_428424,0.929292929292929
C_321291,0.929292929292929
C_367722,0.929292929292929
C_40092,0.929292929292929
C_386415,0.929292929292929
C_128934,0.929292929292929
C_49338,0.929292929292929
C_151647,0.929292929292929
C_456765,0.929292929292929
C_24012,0.929292929292929
C_288327,0.929292929292929
C_237273,0.929292929292929
C_536763,0.929292929292929
C_264006,0.929292929292929
C_208530,0.929292929292929
C_400285,0.939393939393939
C_236068,0.939393939393939
C_490936,0.939393939393939
C_104212,0.939393939393939
C_166522,0.939393939393939
C_498172,0.939393939393939
C_408928,0.939393939393939
C_126523,0.939393939393939
C_6526,0.939393939393939
C_27028,0.939393939393939
C_146623,0.939393939393939
C_223003,0.939393939393939
C_79690,0.939393939393939
C_479278,0.939393939393939
C_226621,0.939393939393939
C_7531,0.939393939393939
C_177979,0.939393939393939
C_349834,0.939393939393939
C_601687,0.939393939393939
C_68635,0.939393939393939
C_157477,0.939393939393939
C_47128,0.939393939393939
C_269635,0.939393939393939
C_71650,0.939393939393939
C_414355,0.939393939393939
C_258178,0.939393939393939
C_162301,0.939393939393939
C_324709,0.939393939393939
C_144010,0.939393939393939
C_156271,0.939393939393939
C_543398,0.94949494949495
C_359483,0.94949494949495
C_391844,0.94949494949495
C_436064,0.94949494949495
C_145619,0.94949494949495
C_204311,0.94949494949495
C_444908,0.94949494949495
C_131549,0.94949494949495
C_460787,0.94949494949495
C_491741,0.94949494949495
C_396668,0.94949494949495
C_271847,0.94949494949495
C_354659,0.94949494949495
C_240089,0.94949494949495
C_414557,0.94949494949495
C_126725,0.94949494949495
C_364508,0.94949494949495
C_519278,0.94949494949495
C_517469,0.94949494949495
C_246923,0.94949494949495
C_162101,0.94949494949495
C_33662,0.94949494949495
C_170342,0.94949494949495
C_211145,0.94949494949495
C_429230,0.94949494949495
C_595457,0.94949494949495
C_401894,0.94949494949495
C_540785,0.94949494949495
C_409934,0.94949494949495
C_484304,0.94949494949495
C_121500,0.95959595959596
C_286521,0.95959595959596
C_155067,0.95959595959596
C_430236,0.95959595959596
C_340791,0.95959595959596
C_461592,0.95959595959596
C_593649,0.95959595959596
C_48939,0.95959595959596
C_56577,0.95959595959596
C_347625,0.95959595959596
C_566916,0.95959595959596
C_105621,0.95959595959596
C_151047,0.95959595959596
C_486114,0.95959595959596
C_225216,0.95959595959596
C_86124,0.95959595959596
C_534957,0.95959595959596
C_399081,0.95959595959596
C_550233,0.95959595959596
C_182805,0.95959595959596
C_341997,0.95959595959596
C_573147,0.95959595959596
C_319284,0.95959595959596
C_580986,0.95959595959596
C_219588,0.95959595959596
C_45522,0.95959595959596
C_481089,0.95959595959596
C_166122,0.95959595959596
C_467220,0.95959595959596
C_4317,0.95959595959596
C_462397,0.96969696969697
C_250744,0.96969696969697
C_363505,0.96969696969697
C_437674,0.96969696969697
C_120898,0.96969696969697
C_602896,0.96969696969697
C_404509,0.96969696969697
C_465814,0.96969696969697
C_173962,0.96969696969697
C_53362,0.96969696969697
C_540988,0.96969696969697
C_554455,0.96969696969697
C_56779,0.96969696969697
C_260794,0.96969696969697
C_119089,0.96969696969697
C_490939,0.96969696969697
C_271045,0.96969696969697
C_71452,0.96969696969697
C_101602,0.96969696969697
C_380188,0.96969696969697
C_443503,0.96969696969697
C_138184,0.96969696969697
C_326119,0.96969696969697
C_167932,0.96969696969697
C_313054,0.96969696969697
C_161902,0.96969696969697
C_13966,0.96969696969697
C_318481,0.96969696969697
C_573550,0.96969696969697
C_322702,0.96969696969697
C_143009,0.97979797979798
C_336773,0.97979797979798
C_266423,0.97979797979798
C_456770,0.97979797979798
C_105824,0.97979797979798
C_253961,0.97979797979798
C_89945,0.97979797979798
C_33665,0.97979797979798
C_9143,0.97979797979798
C_490739,0.97979797979798
C_2108,0.97979797979798
C_599882,0.97979797979798
C_146426,0.97979797979798
C_387827,0.97979797979798
C_48539,0.97979797979798
C_902,0.97979797979798
C_290342,0.97979797979798
C_556265,0.97979797979798
C_241499,0.97979797979798
C_258182,0.97979797979798
C_580184,0.97979797979798
C_412751,0.97979797979798
C_565310,0.97979797979798
C_316271,0.97979797979798
C_329336,0.97979797979798
C_107231,0.97979797979798
C_110447,0.97979797979798
C_190847,0.97979797979798
C_57182,0.97979797979798
C_125321,0.97979797979798
C_32460,0.98989898989899
C_206727,0.98989898989899
C_410943,0.98989898989899
C_250344,0.98989898989899
C_446922,0.98989898989899
C_584406,0.98989898989899
C_94770,0.98989898989899
C_354462,0.98989898989899
C_109644,0.98989898989899
C_590637,0.98989898989899
C_51153,0.98989898989899
C_594456,0.98989898989899
C_324312,0.98989898989899
C_438882,0.98989898989899
C_533553,0.98989898989899
C_52560,0.98989898989899
C_436470,0.98989898989899
C_303408,0.98989898989899
C_597270,0.98989898989899
C_75675,0.98989898989899
C_561291,0.98989898989899
C_435666,0.98989898989899
C_296172,0.98989898989899
C_221601,0.98989898989899
C_57183,0.98989898989899
C_526317,0.98989898989899
C_218184,0.98989898989899
C_551643,0.98989898989899
C_110649,0.98989898989899
C_77082,0.98989898989899
C_494359,1
C_391045,1
C_61405,1
C_33466,1
C_101203,1
C_468229,1
C_53767,1
C_79696,1
C_19597,1
C_351850,1
C_192055,1
C_9346,1
C_294565,1
C_321499,1
C_411346,1
C_499987,1
C_177583,1
C_568729,1
C_137584,1
C_313660,1
C_220999,1
C_394663,1
C_491344,1
C_522901,1
C_115072,1
C_342403,1
C_153061,1
C_295570,1
C_116881,1
C_417778,1
