,PseudoTime
E529_791,0.9912170639899623
E1720_65,0.08030112923462986
E950_354,0.44291091593475534
E1158_73,0.0903387703889586
E63_517,0.6474278544542033
E1141_332,0.41530740276035133
E1636_136,0.16938519447929737
E1704_482,0.6035131744040151
E2207_464,0.5809284818067754
E2781_260,0.32496863237139273
E1041_245,0.30614805520702637
E201_273,0.34127979924717694
E1418_630,0.7892095357590966
E614_797,0.998745294855709
E2582_735,0.9209535759096612
E1871_388,0.48557089084065247
E357_142,0.17691342534504392
E2935_470,0.588456712672522
E2102_590,0.739021329987453
E971_224,0.2797992471769134
E2885_30,0.03638644918444166
E724_24,0.028858218318695106
E1096_314,0.39272271016311167
E1842_377,0.47176913425345046
E1974_149,0.18569636135508155
E2964_197,0.24592220828105396
E1872_82,0.10163111668757842
E221_646,0.8092848180677541
E1812_193,0.24090338770388958
E2702_344,0.43036386449184444
E607_609,0.7628607277289837
E2907_597,0.7478042659974906
E2008_659,0.8255959849435383
E1558_502,0.6286072772898369
E268_548,0.6863237139272271
E974_421,0.5269761606022585
E970_534,0.6687578419071518
E255_99,0.12296110414052698
E1104_211,0.26348808030112925
E2646_44,0.053952321204516936
E1334_91,0.11292346298619825
E1947_142,0.17691342534504392
E926_420,0.5257214554579673
E1846_403,0.5043914680050188
E1599_185,0.23086574654956085
E2301_365,0.45671267252195735
E1937_202,0.2521957340025094
E546_502,0.6286072772898369
E993_746,0.9347553324968633
E632_354,0.44291091593475534
E1588_427,0.534504391468005
E1375_504,0.6311166875784191
E176_61,0.07528230865746549
E2427_48,0.05897114178168131
E1066_89,0.11041405269761606
E716_740,0.9272271016311167
E1058_439,0.5495608531994981
E859_443,0.5545796737766625
E2938_172,0.21455457967377667
E372_267,0.3337515683814304
E772_62,0.07653701380175659
E1034_764,0.9573400250941029
E763_16,0.018820577164366373
E1913_526,0.6587202007528231
E2531_484,0.6060225846925973
E1548_129,0.1606022584692597
E2097_75,0.09284818067754078
E728_343,0.42910915934755334
E2212_479,0.5997490589711418
E2634_474,0.5934755332496863
E1436_140,0.17440401505646172
E2986_557,0.6976160602258469
E2141_109,0.1355081555834379
E2571_669,0.8381430363864492
E2613_493,0.617314930991217
E2965_29,0.03513174404015056
E581_67,0.08281053952321205
E2065_100,0.12421580928481807
E2809_679,0.8506900878293601
E872_793,0.9937264742785445
E2633_785,0.9836888331242158
E593_766,0.9598494353826851
E1254_574,0.7189460476787954
E893_1,0.0
E738_453,0.5671267252195734
E1897_758,0.9498117942283564
E779_663,0.8306148055207027
E1166_252,0.31493099121706397
E2573_493,0.617314930991217
E1537_33,0.04015056461731493
E2521_441,0.5520702634880803
E443_682,0.8544542032622334
E112_37,0.0451693851944793
E2251_770,0.9648682559598495
E611_104,0.12923462986198245
E291_700,0.877038895859473
E2578_214,0.2672521957340025
E2198_49,0.060225846925972396
E130_302,0.37766624843161856
E1758_388,0.48557089084065247
E1108_153,0.19071518193224593
E2855_586,0.7340025094102886
E29_155,0.1932245922208281
E1644_674,0.8444165621079046
E2077_362,0.45294855708908405
E2337_207,0.2584692597239649
E552_775,0.9711417816813049
E323_581,0.7277289836888331
E1316_320,0.4002509410288582
E2609_197,0.24592220828105396
E2308_433,0.5420326223337516
E2218_714,0.8946047678795483
E1801_786,0.9849435382685069
E718_272,0.34002509410288584
E235_399,0.4993726474278545
E234_305,0.38143036386449186
E756_272,0.34002509410288584
E2658_137,0.17063989962358847
E928_64,0.07904642409033877
E2554_750,0.9397741530740276
E1707_427,0.534504391468005
E799_62,0.07653701380175659
E2259_368,0.4604767879548306
E778_464,0.5809284818067754
E1268_207,0.2584692597239649
E1134_255,0.3186951066499373
E293_443,0.5545796737766625
E2116_138,0.17189460476787954
E2968_222,0.27728983688833125
E468_195,0.24341279799247176
E1085_718,0.8996235884567126
E479_541,0.6775407779171895
E2514_745,0.9335006273525721
E1036_525,0.657465495608532
E13_641,0.8030112923462986
E1094_376,0.47051442910915936
E2993_607,0.7603513174404015
E2357_369,0.4617314930991217
E1612_143,0.178168130489335
E1862_404,0.5056461731493099
E299_90,0.11166875784190715
E2182_394,0.493099121706399
E1524_573,0.7176913425345044
E2066_184,0.22961104140526975
E1703_501,0.6273525721455459
E409_298,0.3726474278544542
E1244_489,0.6122961104140527
E2819_307,0.383939774153074
E2915_339,0.424090338770389
E2794_547,0.685069008782936
E332_639,0.8005018820577164
E1922_138,0.17189460476787954
E2612_18,0.02132998745294856
E821_738,0.9247176913425345
E2667_167,0.20828105395232122
E2010_220,0.27478042659974905
E2700_662,0.8293601003764115
E431_290,0.36260978670012545
E2817_187,0.23337515683814303
E1505_344,0.43036386449184444
E1277_210,0.26223337515683814
E515_734,0.9196988707653702
E2648_710,0.8895859473023839
E373_139,0.17314930991217065
E1378_524,0.6562107904642409
E2178_415,0.5194479297365119
E2774_696,0.8720200752823086
E2592_621,0.7779171894604768
E270_340,0.42534504391468003
E2342_289,0.3613550815558344
E1222_71,0.08782936010037641
E605_147,0.18318695106649938
E1065_698,0.8745294855708908
E1074_293,0.36637390213299875
E641_490,0.6135508155583438
E2094_741,0.9284818067754078
E2188_639,0.8005018820577164
E322_188,0.23462986198243413
E27_495,0.6198243412797992
E1419_556,0.6963613550815558
E883_171,0.21329987452948557
E1702_717,0.8983688833124216
E2193_162,0.20200752823086573
E1583_266,0.3324968632371393
E813_396,0.49560853199498117
E454_21,0.025094102885821833
E2523_657,0.823086574654956
E11_424,0.5307402760351317
E619_415,0.5194479297365119
E2831_417,0.5219573400250941
E2782_21,0.025094102885821833
E488_754,0.944792973651192
E2152_155,0.1932245922208281
E681_23,0.027603513174404015
E1621_485,0.6072772898368883
E2845_103,0.12797992471769135
E2853_326,0.4077791718946048
E1417_676,0.8469259723964868
E2140_410,0.5131744040150564
E1767_455,0.5696361355081556
E2665_180,0.2245922208281054
E526_785,0.9836888331242158
E2876_507,0.6348808030112923
E301_390,0.4880803011292346
E1850_318,0.397741530740276
E1534_433,0.5420326223337516
E652_256,0.3199498117942284
E2151_405,0.506900878293601
E1109_591,0.740276035131744
E2796_269,0.33626097867001253
E836_94,0.11668757841907151
E1522_84,0.10414052697616061
E1561_527,0.6599749058971142
E930_654,0.8193224592220828
E2268_168,0.2095357590966123
E1710_89,0.11041405269761606
E640_583,0.7302383939774153
E1116_3,0.002509410288582183
E2014_498,0.6235884567126725
E1664_500,0.6260978670012547
E1025_594,0.7440401505646174
E2861_199,0.24843161856963614
E896_677,0.848180677540778
E474_353,0.44165621079046424
E2948_410,0.5131744040150564
E121_515,0.644918444165621
E316_150,0.18695106649937265
E1377_459,0.5746549560853199
E2_121,0.15056461731493098
E1941_375,0.46925972396486826
E1728_613,0.767879548306148
E698_529,0.6624843161856964
E71_362,0.45294855708908405
E419_37,0.0451693851944793
E1273_233,0.29109159347553326
E2942_425,0.5319949811794228
E2079_162,0.20200752823086573
E115_610,0.7641154328732748
E343_557,0.6976160602258469
E2233_435,0.5445420326223338
E335_313,0.39146800501882056
E2442_289,0.3613550815558344
E14_127,0.15809284818067754
E2240_290,0.36260978670012545
E1649_65,0.08030112923462986
E1193_595,0.7452948557089084
E2870_470,0.588456712672522
E2197_295,0.36888331242158096
E751_747,0.9360100376411543
E647_686,0.8594730238393977
E1914_592,0.7415307402760352
E1893_275,0.3437892095357591
E411_260,0.32496863237139273
E885_327,0.4090338770388959
E1101_483,0.6047678795483061
E2711_292,0.36511919698870765
E475_368,0.4604767879548306
E1971_769,0.9636135508155583
E1179_797,0.998745294855709
E2761_12,0.013801756587202008
E621_248,0.3099121706398996
E630_59,0.07277289836888332
E2803_731,0.9159347553324969
E1205_722,0.904642409033877
E2271_3,0.002509410288582183
E2096_473,0.5922208281053952
E1459_104,0.12923462986198245
E2101_546,0.6838143036386449
E2432_632,0.7917189460476788
E727_555,0.6951066499372648
E2489_451,0.5646173149309912
E2456_686,0.8594730238393977
E2232_583,0.7302383939774153
E425_506,0.6336260978670013
E2822_621,0.7779171894604768
E2664_719,0.9008782936010038
E2834_226,0.2823086574654956
E2631_650,0.8143036386449184
E1438_629,0.7879548306148055
E1925_317,0.39648682559598497
E2477_276,0.3450439146800502
E2659_194,0.24215809284818068
E375_717,0.8983688833124216
E298_312,0.39021329987452946
E146_327,0.4090338770388959
E1014_435,0.5445420326223338
E1412_627,0.7854454203262233
E759_719,0.9008782936010038
E2588_168,0.2095357590966123
E1646_627,0.7854454203262233
E572_141,0.17565872020075282
E1488_720,0.9021329987452948
E1062_372,0.465495608531995
E922_83,0.1028858218318695
E857_4,0.0037641154328732747
E2621_610,0.7641154328732748
E54_795,0.9962358845671268
E1835_70,0.08657465495608532
E1701_669,0.8381430363864492
E2320_46,0.056461731493099125
E1884_791,0.9912170639899623
E2919_308,0.3851944792973651
E96_123,0.15307402760351319
E2643_688,0.8619824341279799
E852_102,0.12672521957340024
E1197_506,0.6336260978670013
E2294_58,0.07151819322459223
E1169_35,0.04265997490589712
E2980_645,0.8080301129234629
E1245_369,0.4617314930991217
E2206_127,0.15809284818067754
E869_596,0.7465495608531995
E2666_19,0.02258469259723965
E2303_760,0.9523212045169385
E966_486,0.6085319949811794
E765_118,0.1468005018820577
E1957_748,0.9372647427854455
E1591_117,0.14554579673776663
E2165_284,0.35508155583437895
E2380_211,0.26348808030112925
E455_606,0.7590966122961104
E935_306,0.38268506900878296
E1777_374,0.46800501882057716
E496_290,0.36260978670012545
E1225_197,0.24592220828105396
E659_397,0.4968632371392723
E1516_509,0.6373902132998746
E1633_93,0.11543287327478043
E899_340,0.42534504391468003
E967_226,0.2823086574654956
E2158_667,0.835633626097867
E2068_594,0.7440401505646174
E882_457,0.5721455457967378
E1797_14,0.01631116687578419
E2021_775,0.9711417816813049
E596_346,0.4328732747804266
E307_12,0.013801756587202008
E1328_210,0.26223337515683814
E2847_454,0.5683814303638645
E1708_504,0.6311166875784191
E1070_717,0.8983688833124216
E608_353,0.44165621079046424
E976_215,0.2685069008782936
E1866_407,0.5094102885821832
E1367_135,0.16813048933500627
E464_349,0.4366373902132999
E469_37,0.0451693851944793
E2922_522,0.6537013801756587
E2950_190,0.2371392722710163
E1898_147,0.18318695106649938
E84_458,0.5734002509410289
E1852_257,0.3212045169385194
E2788_74,0.09159347553324969
E158_367,0.4592220828105395
E2372_58,0.07151819322459223
E1454_190,0.2371392722710163
E1441_537,0.6725219573400251
E459_362,0.45294855708908405
E1774_472,0.5909661229611042
E80_215,0.2685069008782936
E755_112,0.13927227101631118
E2790_522,0.6537013801756587
E1055_147,0.18318695106649938
E690_304,0.38017565872020076
E740_566,0.7089084065244667
E1735_617,0.7728983688833124
E1401_519,0.6499372647427855
E731_724,0.9071518193224593
E1270_166,0.20702634880803011
E535_691,0.8657465495608532
E941_338,0.4228356336260979
E2332_615,0.7703889585947302
E1773_703,0.8808030112923463
E2765_392,0.4905897114178168
E543_99,0.12296110414052698
E1003_537,0.6725219573400251
E2517_559,0.7001254705144291
E2075_210,0.26223337515683814
E1278_94,0.11668757841907151
E1540_222,0.27728983688833125
E2595_61,0.07528230865746549
E1654_270,0.33751568381430364
E510_740,0.9272271016311167
E2996_52,0.06398996235884567
E2060_124,0.15432873274780426
E2105_469,0.5872020075282308
E175_83,0.1028858218318695
E228_778,0.9749058971141782
E933_192,0.2396486825595985
E266_368,0.4604767879548306
E476_226,0.2823086574654956
E1357_172,0.21455457967377667
E2504_400,0.5006273525721455
E1732_56,0.06900878293601004
E2149_176,0.21957340025094102
E2655_563,0.7051442910915935
E1985_675,0.8456712672521958
E2377_26,0.03136762860727729
E1530_141,0.17565872020075282
E2661_446,0.5583437892095358
E2343_52,0.06398996235884567
E1978_551,0.6900878293601004
E2237_550,0.6888331242158093
E2783_662,0.8293601003764115
E458_462,0.5784190715181933
E2563_66,0.08155583437892096
E916_488,0.6110414052697616
E2034_593,0.7427854454203262
E1986_747,0.9360100376411543
E2168_380,0.4755332496863237
E606_212,0.26474278544542035
E28_198,0.24717691342534504
E1935_291,0.36386449184441655
E1467_557,0.6976160602258469
E45_449,0.562107904642409
E962_481,0.6022584692597239
E2837_544,0.6813048933500627
E1346_550,0.6888331242158093
E1628_619,0.7754077791718946
E1102_119,0.1480552070263488
E794_263,0.328732747804266
E1006_472,0.5909661229611042
E1509_176,0.21957340025094102
E1341_493,0.617314930991217
E2596_598,0.7490589711417817
E2972_777,0.973651191969887
E1231_543,0.6800501882057717
E764_344,0.43036386449184444
E1499_29,0.03513174404015056
E1940_795,0.9962358845671268
E1213_495,0.6198243412797992
E1987_212,0.26474278544542035
E804_7,0.0075282308657465494
E561_614,0.7691342534504392
E1218_172,0.21455457967377667
E2012_269,0.33626097867001253
E424_551,0.6900878293601004
E2122_252,0.31493099121706397
E1486_771,0.9661229611041405
E623_759,0.9510664993726474
E65_251,0.3136762860727729
E2739_787,0.986198243412798
E1603_382,0.4780426599749059
E1339_272,0.34002509410288584
E2519_194,0.24215809284818068
E2167_535,0.6700125470514429
E1266_509,0.6373902132998746
E1750_423,0.5294855708908407
E2801_444,0.5558343789209536
E103_194,0.24215809284818068
E886_623,0.7804265997490589
E118_690,0.8644918444165621
E1983_683,0.8557089084065245
E402_534,0.6687578419071518
E1960_237,0.2961104140526976
E274_737,0.9234629861982434
E477_332,0.41530740276035133
E538_667,0.835633626097867
E1456_140,0.17440401505646172
E2095_116,0.14429109159347553
E2223_400,0.5006273525721455
E2934_529,0.6624843161856964
E2205_530,0.6637390213299874
E1833_297,0.3713927227101631
E359_246,0.3074027603513174
E439_397,0.4968632371392723
E449_285,0.35633626097867
E398_462,0.5784190715181933
E2261_189,0.23588456712672523
E1208_644,0.8067754077791719
E2300_360,0.4504391468005019
E2786_119,0.1480552070263488
E1502_9,0.010037641154328732
E818_324,0.40526976160602257
E2581_705,0.8833124215809285
E1430_198,0.24717691342534504
E1230_564,0.7063989962358845
E2315_257,0.3212045169385194
E1044_406,0.5081555834378921
E1020_468,0.5859473023839398
E1305_543,0.6800501882057717
E2606_708,0.8870765370138017
E2246_398,0.4981179422835634
E2651_443,0.5545796737766625
E958_53,0.06524466750313676
E2087_445,0.5570890840652447
E1198_144,0.1794228356336261
E227_631,0.7904642409033877
E994_797,0.998745294855709
E500_174,0.21706398996235884
E2483_715,0.8958594730238394
E2052_480,0.6010037641154329
E1416_204,0.2547051442910916
E2848_47,0.05771643663739021
E2362_560,0.7013801756587202
E2694_49,0.060225846925972396
E2618_589,0.7377666248431619
E436_651,0.8155583437892095
E2767_787,0.986198243412798
E105_695,0.8707653701380176
E842_259,0.3237139272271016
E426_679,0.8506900878293601
E106_365,0.45671267252195735
E1713_269,0.33626097867001253
E1229_713,0.8933500627352572
E166_654,0.8193224592220828
E276_697,0.8732747804265998
E472_745,0.9335006273525721
E2455_51,0.06273525721455459
E159_516,0.6461731493099122
E1200_198,0.24717691342534504
E2896_585,0.7327478042659975
E1137_56,0.06900878293601004
E866_337,0.4215809284818068
E917_11,0.012547051442910916
E1669_766,0.9598494353826851
E1577_496,0.6210790464240903
E2928_612,0.766624843161857
E1042_629,0.7879548306148055
E2276_485,0.6072772898368883
E1594_746,0.9347553324968633
E2625_124,0.15432873274780426
E1680_368,0.4604767879548306
E2699_457,0.5721455457967378
E2069_29,0.03513174404015056
E467_52,0.06398996235884567
E283_362,0.45294855708908405
E2453_146,0.18193224592220827
E1028_309,0.3864491844416562
E2091_790,0.9899623588456713
E1690_131,0.16311166875784192
E448_578,0.7239648682559598
E1284_751,0.9410288582183187
E2054_306,0.38268506900878296
E2528_396,0.49560853199498117
E975_513,0.6424090338770388
E747_30,0.03638644918444166
E667_255,0.3186951066499373
E871_794,0.9949811794228356
E1455_303,0.37892095357590966
E313_14,0.01631116687578419
E1301_52,0.06398996235884567
E157_185,0.23086574654956085
E1440_189,0.23588456712672523
E1016_62,0.07653701380175659
E2267_358,0.4479297365119197
E1932_494,0.6185696361355082
E2462_169,0.2107904642409034
E1924_593,0.7427854454203262
E814_246,0.3074027603513174
E676_694,0.8695106649937264
E2227_424,0.5307402760351317
E1803_124,0.15432873274780426
E2281_437,0.5470514429109159
E2542_167,0.20828105395232122
E2083_791,0.9912170639899623
E2575_140,0.17440401505646172
E2723_133,0.1656210790464241
E2973_268,0.33500627352572143
E673_29,0.03513174404015056
E1246_318,0.397741530740276
E1414_589,0.7377666248431619
E1639_118,0.1468005018820577
E2478_286,0.3575909661229611
E1529_410,0.5131744040150564
E2599_528,0.6612296110414053
E980_363,0.45420326223337515
E1657_91,0.11292346298619825
E2513_736,0.9222082810539524
E203_467,0.5846925972396487
E828_341,0.42659974905897113
E1310_722,0.904642409033877
E1706_414,0.5181932245922208
E1051_427,0.534504391468005
E2287_457,0.5721455457967378
E1996_539,0.6750313676286073
E650_186,0.23212045169385195
E1147_592,0.7415307402760352
E533_475,0.5947302383939774
E192_745,0.9335006273525721
E1765_772,0.9673776662484316
E1201_283,0.35382685069008785
E1443_728,0.9121706398996235
E2768_118,0.1468005018820577
E2838_715,0.8958594730238394
E2280_15,0.01756587202007528
E1460_353,0.44165621079046424
E2002_754,0.944792973651192
E26_691,0.8657465495608532
E1120_594,0.7440401505646174
E2311_704,0.8820577164366374
E811_337,0.4215809284818068
E1172_30,0.03638644918444166
E803_123,0.15307402760351319
E902_71,0.08782936010037641
E2951_8,0.00878293601003764
E807_263,0.328732747804266
E2365_236,0.2948557089084065
E1905_275,0.3437892095357591
E767_762,0.9548306148055207
E423_68,0.08406524466750313
E189_700,0.877038895859473
E720_633,0.7929736511919699
E961_8,0.00878293601003764
E1421_537,0.6725219573400251
E2981_666,0.8343789209535759
E193_18,0.02132998745294856
E491_102,0.12672521957340024
E603_223,0.27854454203262236
E736_161,0.20075282308657466
E2591_663,0.8306148055207027
E1411_510,0.6386449184441656
E238_288,0.3601003764115433
E2395_726,0.9096612296110415
E2338_78,0.09661229611041405
E1949_747,0.9360100376411543
E50_763,0.9560853199498118
E286_666,0.8343789209535759
E2741_374,0.46800501882057716
E901_133,0.1656210790464241
E1484_143,0.178168130489335
E1124_225,0.2810539523212045
E2715_297,0.3713927227101631
E240_763,0.9560853199498118
E2789_395,0.49435382685069007
E1753_574,0.7189460476787954
E1363_410,0.5131744040150564
E1506_501,0.6273525721455459
E53_258,0.3224592220828105
E1399_415,0.5194479297365119
E256_770,0.9648682559598495
E2220_561,0.7026348808030113
E365_565,0.7076537013801757
E1181_157,0.19573400250941028
E1437_56,0.06900878293601004
E445_670,0.8393977415307403
E1477_641,0.8030112923462986
E2856_766,0.9598494353826851
E2019_698,0.8745294855708908
E259_218,0.2722710163111669
E2262_67,0.08281053952321205
E1409_541,0.6775407779171895
E6_197,0.24592220828105396
E264_59,0.07277289836888332
E2681_279,0.34880803011292344
E1717_769,0.9636135508155583
E1829_491,0.6148055207026348
E2961_411,0.5144291091593476
E1501_94,0.11668757841907151
E1271_767,0.9611041405269761
E1510_506,0.6336260978670013
E282_702,0.8795483061480552
E2481_186,0.23212045169385195
E2916_487,0.6097867001254705
E2495_372,0.465495608531995
E2716_279,0.34880803011292344
E999_441,0.5520702634880803
E1327_76,0.09410288582183186
E2807_164,0.20451693851944794
E2997_788,0.9874529485570891
E2363_477,0.5972396486825596
E2652_178,0.22208281053952322
E1383_86,0.10664993726474278
E985_418,0.5232120451693852
E1748_480,0.6010037641154329
E2191_650,0.8143036386449184
E2114_117,0.14554579673776663
E2772_53,0.06524466750313676
E1659_180,0.2245922208281054
E735_221,0.27603513174404015
E1573_267,0.3337515683814304
E653_719,0.9008782936010038
E378_734,0.9196988707653702
E1808_53,0.06524466750313676
E1252_65,0.08030112923462986
E2501_323,0.40401505646173147
E973_438,0.548306148055207
E168_343,0.42910915934755334
E142_248,0.3099121706398996
E2356_521,0.6524466750313677
E856_601,0.7528230865746549
E1297_709,0.8883312421580929
E785_435,0.5445420326223338
E465_552,0.6913425345043914
E1272_75,0.09284818067754078
E1766_234,0.29234629861982436
E2909_103,0.12797992471769135
E481_236,0.2948557089084065
E1203_210,0.26223337515683814
E1672_521,0.6524466750313677
E40_694,0.8695106649937264
E2258_113,0.14052697616060225
E662_19,0.02258469259723965
E1843_706,0.8845671267252195
E609_73,0.0903387703889586
E2451_27,0.03262233375156838
E493_289,0.3613550815558344
E1425_130,0.1618569636135508
E1500_570,0.7139272271016311
E2930_390,0.4880803011292346
E2735_643,0.8055207026348808
E136_262,0.32747804265997493
E1002_748,0.9372647427854455
E250_434,0.5432873274780426
E2926_620,0.7766624843161857
E1148_767,0.9611041405269761
E2557_781,0.9786700125470514
E2857_37,0.0451693851944793
E1982_385,0.48180677540777916
E1950_186,0.23212045169385195
E1742_166,0.20702634880803011
E2015_377,0.47176913425345046
E1333_641,0.8030112923462986
E2546_638,0.7992471769134254
E2816_55,0.06775407779171895
E1176_150,0.18695106649937265
E1552_769,0.9636135508155583
E2398_518,0.6486825595984943
E2654_267,0.3337515683814304
E2559_412,0.5156838143036386
E944_196,0.24466750313676286
E2051_269,0.33626097867001253
E2437_432,0.5407779171894604
E1868_630,0.7892095357590966
E757_359,0.4491844416562108
E1807_549,0.6875784190715182
E998_400,0.5006273525721455
E617_56,0.06900878293601004
E945_106,0.13174404015056462
E1139_299,0.3739021329987453
E1622_241,0.30112923462986196
E1976_287,0.3588456712672522
E833_477,0.5972396486825596
E1845_333,0.41656210790464243
E2688_638,0.7992471769134254
E1882_220,0.27478042659974905
E822_321,0.4015056461731493
E2413_39,0.04767879548306148
E1533_794,0.9949811794228356
E1896_346,0.4328732747804266
E507_49,0.060225846925972396
E1992_373,0.46675031367628605
E2464_647,0.8105395232120451
E2132_286,0.3575909661229611
E1291_521,0.6524466750313677
E666_421,0.5269761606022585
E1711_231,0.28858218318695106
E919_404,0.5056461731493099
E2133_754,0.944792973651192
E1159_507,0.6348808030112923
E1054_209,0.26097867001254704
E2586_687,0.8607277289836889
E1017_133,0.1656210790464241
E2875_484,0.6060225846925973
E1697_752,0.9422835633626098
E2296_562,0.7038895859473023
E2221_202,0.2521957340025094
E2410_286,0.3575909661229611
E1369_241,0.30112923462986196
E705_597,0.7478042659974906
E1776_318,0.397741530740276
E1854_615,0.7703889585947302
E2810_186,0.23212045169385195
E43_732,0.917189460476788
E612_732,0.917189460476788
E955_111,0.13801756587202008
E310_490,0.6135508155583438
E2327_292,0.36511919698870765
E330_292,0.36511919698870765
E729_678,0.849435382685069
E891_267,0.3337515683814304
E2494_24,0.028858218318695106
E536_591,0.740276035131744
E2023_174,0.21706398996235884
E717_192,0.2396486825595985
E2282_649,0.8130489335006273
E1839_146,0.18193224592220827
E1422_267,0.3337515683814304
E170_696,0.8720200752823086
E2623_197,0.24592220828105396
E1068_787,0.986198243412798
E1358_321,0.4015056461731493
E544_768,0.9623588456712673
E2388_17,0.020075282308657464
E1563_223,0.27854454203262236
E2947_386,0.48306148055207027
E21_785,0.9836888331242158
E2273_233,0.29109159347553326
E2169_91,0.11292346298619825
E422_575,0.7202007528230866
E2745_463,0.5796737766624843
E638_345,0.4316185696361355
E125_529,0.6624843161856964
E410_188,0.23462986198243413
E551_149,0.18569636135508155
E781_388,0.48557089084065247
E929_324,0.40526976160602257
E2955_180,0.2245922208281054
E353_237,0.2961104140526976
E2306_208,0.25972396486825594
E687_425,0.5319949811794228
E59_548,0.6863237139272271
E482_335,0.4190715181932246
E1361_550,0.6888331242158093
E1572_555,0.6951066499372648
E2436_606,0.7590966122961104
E32_173,0.21580928481806774
E1446_550,0.6888331242158093
E1715_166,0.20702634880803011
E182_54,0.06649937264742785
E730_795,0.9962358845671268
E148_750,0.9397741530740276
E387_199,0.24843161856963614
E1348_590,0.739021329987453
E2491_446,0.5583437892095358
E524_649,0.8130489335006273
E2190_474,0.5934755332496863
E1857_110,0.13676286072772897
E1303_655,0.820577164366374
E391_200,0.24968632371392724
E204_104,0.12923462986198245
E1813_465,0.5821831869510665
E1400_485,0.6072772898368883
E2530_507,0.6348808030112923
E1267_112,0.13927227101631118
E1161_337,0.4215809284818068
E2031_350,0.437892095357591
E1712_551,0.6900878293601004
E739_409,0.5119196988707654
E1570_79,0.09786700125470514
E1788_461,0.5771643663739021
E2532_16,0.018820577164366373
E480_767,0.9611041405269761
E1998_192,0.2396486825595985
E511_237,0.2961104140526976
E981_693,0.8682559598494354
E2863_631,0.7904642409033877
E714_380,0.4755332496863237
E830_289,0.3613550815558344
E0_186,0.23212045169385195
E224_670,0.8393977415307403
E1719_508,0.6361355081555834
E964_604,0.7565872020075283
E383_522,0.6537013801756587
E1292_170,0.2120451693851945
E800_36,0.043914680050188205
E2128_773,0.9686323713927227
E1342_608,0.7616060225846926
E2748_679,0.8506900878293601
E1171_303,0.37892095357590966
E137_603,0.7553324968632371
E2917_191,0.2383939774153074
E719_219,0.27352572145545795
E1890_202,0.2521957340025094
E2387_533,0.6675031367628608
E2279_363,0.45420326223337515
E325_374,0.46800501882057716
E957_132,0.164366373902133
E1532_274,0.342534504391468
E2550_190,0.2371392722710163
E1131_639,0.8005018820577164
E978_777,0.973651191969887
E386_212,0.26474278544542035
E1819_739,0.9259723964868256
E579_726,0.9096612296110415
E2416_407,0.5094102885821832
E1894_414,0.5181932245922208
E1565_8,0.00878293601003764
E904_570,0.7139272271016311
E440_70,0.08657465495608532
E2124_456,0.5708908406524467
E2710_631,0.7904642409033877
E696_682,0.8544542032622334
E2985_563,0.7051442910915935
E2318_368,0.4604767879548306
E2208_776,0.972396486825596
E2176_519,0.6499372647427855
E1211_556,0.6963613550815558
E817_294,0.36762860727728985
E1721_534,0.6687578419071518
E2878_465,0.5821831869510665
E1611_214,0.2672521957340025
E1289_548,0.6863237139272271
E484_224,0.2797992471769134
E1255_628,0.7867001254705144
E2543_343,0.42910915934755334
E1008_237,0.2961104140526976
E2729_598,0.7490589711417817
E1975_320,0.4002509410288582
E1775_430,0.5382685069008782
E152_778,0.9749058971141782
E876_767,0.9611041405269761
E405_308,0.3851944792973651
E1092_112,0.13927227101631118
E2112_246,0.3074027603513174
E2602_667,0.835633626097867
E657_103,0.12797992471769135
E1743_651,0.8155583437892095
E2684_354,0.44291091593475534
E1899_765,0.958594730238394
E1199_350,0.437892095357591
E1674_160,0.19949811794228356
E2154_193,0.24090338770388958
E1900_353,0.44165621079046424
E1253_571,0.7151819322459222
E610_743,0.93099121706399
E2032_251,0.3136762860727729
E67_549,0.6875784190715182
E2412_182,0.22710163111668757
E74_708,0.8870765370138017
E2869_738,0.9247176913425345
E2587_722,0.904642409033877
E1608_15,0.01756587202007528
E285_412,0.5156838143036386
E843_68,0.08406524466750313
E451_404,0.5056461731493099
E2104_173,0.21580928481806774
E2475_733,0.918444165621079
E1461_571,0.7151819322459222
E2013_185,0.23086574654956085
E1635_87,0.10790464240903387
E1138_64,0.07904642409033877
E2832_269,0.33626097867001253
E498_277,0.3462986198243413
E1815_697,0.8732747804265998
E404_742,0.9297365119196989
E2629_89,0.11041405269761606
E267_653,0.8180677540777918
E1385_352,0.44040150564617314
E1319_525,0.657465495608532
E663_624,0.7816813048933501
E339_396,0.49560853199498117
E486_203,0.2534504391468005
E1413_739,0.9259723964868256
E2754_37,0.0451693851944793
E68_114,0.14178168130489335
E2569_404,0.5056461731493099
E1994_121,0.15056461731493098
E2971_611,0.7653701380175659
E1259_658,0.8243412797992472
E2873_539,0.6750313676286073
E156_414,0.5181932245922208
E2202_233,0.29109159347553326
E2117_590,0.739021329987453
E348_92,0.11417816813048934
E57_688,0.8619824341279799
E415_443,0.5545796737766625
E319_413,0.5169385194479298
E51_768,0.9623588456712673
E210_698,0.8745294855708908
E1916_501,0.6273525721455459
E664_663,0.8306148055207027
E2284_527,0.6599749058971142
E1050_4,0.0037641154328732747
E2717_667,0.835633626097867
E1472_485,0.6072772898368883
E1290_637,0.7979924717691342
E554_231,0.28858218318695106
E1045_671,0.8406524466750314
E2322_416,0.520702634880803
E840_291,0.36386449184441655
E1714_258,0.3224592220828105
E1261_40,0.04893350062735257
E149_443,0.5545796737766625
E2328_458,0.5734002509410289
E93_25,0.030112923462986198
E442_361,0.451693851944793
E1288_538,0.6737766624843162
E2209_290,0.36260978670012545
E2954_761,0.9535759096612296
E1687_287,0.3588456712672522
E2049_348,0.4353826850690088
E2843_541,0.6775407779171895
E2636_133,0.1656210790464241
E278_44,0.053952321204516936
E2399_684,0.8569636135508155
E1007_691,0.8657465495608532
E91_739,0.9259723964868256
E956_146,0.18193224592220827
E109_220,0.27478042659974905
E877_107,0.1329987452948557
E528_738,0.9247176913425345
E1113_488,0.6110414052697616
E2371_334,0.4178168130489335
E2589_238,0.2973651191969887
E2882_515,0.644918444165621
E2375_122,0.15181932245922208
E761_189,0.23588456712672523
E1407_323,0.40401505646173147
E927_245,0.30614805520702637
E87_337,0.4215809284818068
E2705_16,0.018820577164366373
E82_554,0.6938519447929736
E107_142,0.17691342534504392
E1518_374,0.46800501882057716
E1575_549,0.6875784190715182
E1747_786,0.9849435382685069
E1309_217,0.2710163111668758
E2671_765,0.958594730238394
E1671_489,0.6122961104140527
E2551_521,0.6524466750313677
E766_522,0.6537013801756587
E1214_331,0.41405269761606023
E1874_714,0.8946047678795483
E1536_270,0.33751568381430364
E2006_296,0.370138017565872
E384_682,0.8544542032622334
E126_412,0.5156838143036386
E31_677,0.848180677540778
E421_5,0.005018820577164366
E1729_326,0.4077791718946048
E1_600,0.7515683814303639
E2941_3,0.002509410288582183
E1673_213,0.2659974905897114
E2662_647,0.8105395232120451
E694_724,0.9071518193224593
E314_745,0.9335006273525721
E2254_617,0.7728983688833124
E1525_709,0.8883312421580929
E2186_437,0.5470514429109159
E289_479,0.5997490589711418
E2722_116,0.14429109159347553
E2146_302,0.37766624843161856
E1796_172,0.21455457967377667
E2815_364,0.45545796737766625
E879_332,0.41530740276035133
E2248_628,0.7867001254705144
E784_54,0.06649937264742785
E329_230,0.28732747804265996
E615_436,0.5457967377666249
E1647_669,0.8381430363864492
E2672_462,0.5784190715181933
E1163_260,0.32496863237139273
E2358_204,0.2547051442910916
E635_537,0.6725219573400251
E341_238,0.2973651191969887
E959_673,0.8431618569636136
E2045_237,0.2961104140526976
E1046_72,0.0890840652446675
E407_629,0.7879548306148055
E1956_179,0.2233375156838143
E969_173,0.21580928481806774
E707_503,0.6298619824341279
E2676_446,0.5583437892095358
E1918_179,0.2233375156838143
E427_298,0.3726474278544542
E1299_288,0.3601003764115433
E1811_288,0.3601003764115433
E2854_384,0.48055207026348806
E1373_328,0.410288582183187
E881_363,0.45420326223337515
E49_104,0.12923462986198245
E1080_248,0.3099121706398996
E1825_454,0.5683814303638645
E863_527,0.6599749058971142
E2458_789,0.9887076537013801
E1810_491,0.6148055207026348
E1586_7,0.0075282308657465494
E2446_96,0.1191969887076537
E104_410,0.5131744040150564
E1202_165,0.205771643663739
E356_613,0.767879548306148
E2844_419,0.5244667503136763
E120_586,0.7340025094102886
E295_236,0.2948557089084065
E514_423,0.5294855708908407
E568_454,0.5683814303638645
E2177_701,0.8782936010037641
E1031_163,0.20326223337515684
E2241_577,0.7227101631116688
E1817_39,0.04767879548306148
E1018_303,0.37892095357590966
E271_776,0.972396486825596
E179_556,0.6963613550815558
E674_323,0.40401505646173147
E1562_124,0.15432873274780426
E352_308,0.3851944792973651
E1731_353,0.44165621079046424
E2447_638,0.7992471769134254
E437_5,0.005018820577164366
E1805_392,0.4905897114178168
E2674_601,0.7528230865746549
E177_405,0.506900878293601
E2236_458,0.5734002509410289
E827_265,0.3312421580928482
E461_517,0.6474278544542033
E1557_762,0.9548306148055207
E2064_479,0.5997490589711418
E1023_55,0.06775407779171895
E2645_511,0.6398996235884568
E1873_724,0.9071518193224593
E512_793,0.9937264742785445
E2577_659,0.8255959849435383
E2605_756,0.9473023839397742
E76_526,0.6587202007528231
E2642_400,0.5006273525721455
E594_293,0.36637390213299875
E47_496,0.6210790464240903
E771_228,0.2848180677540778
E2668_284,0.35508155583437895
E62_26,0.03136762860727729
E1365_118,0.1468005018820577
E1005_246,0.3074027603513174
E2384_442,0.5533249686323714
E2883_570,0.7139272271016311
E1945_514,0.64366373902133
E2272_273,0.34127979924717694
E1752_424,0.5307402760351317
E1607_231,0.28858218318695106
E2746_322,0.4027603513174404
E1549_506,0.6336260978670013
E2721_86,0.10664993726474278
E2983_677,0.848180677540778
E1379_100,0.12421580928481807
E2630_35,0.04265997490589712
E1343_520,0.6511919698870765
E2663_503,0.6298619824341279
E222_161,0.20075282308657466
E2802_466,0.5834378920953576
E644_722,0.904642409033877
E1755_280,0.35006273525721454
E1589_618,0.7741530740276035
E753_595,0.7452948557089084
E2361_784,0.9824341279799247
E2050_103,0.12797992471769135
E1091_732,0.917189460476788
E684_423,0.5294855708908407
E101_435,0.5445420326223338
E2932_764,0.9573400250941029
E382_94,0.11668757841907151
E2912_229,0.2860727728983689
E2798_55,0.06775407779171895
E1964_513,0.6424090338770388
E1162_455,0.5696361355081556
E648_695,0.8707653701380176
E542_785,0.9836888331242158
E2073_194,0.24215809284818068
E1082_461,0.5771643663739021
E1210_539,0.6750313676286073
E968_576,0.7214554579673776
E1684_369,0.4617314930991217
E1194_520,0.6511919698870765
E894_191,0.2383939774153074
E2755_123,0.15307402760351319
E2476_391,0.4893350062735257
E1691_57,0.07026348808030113
E1184_610,0.7641154328732748
E2333_10,0.011292346298619825
E102_482,0.6035131744040151
E677_600,0.7515683814303639
E1800_725,0.9084065244667503
E1395_741,0.9284818067754078
E839_18,0.02132998745294856
E2214_571,0.7151819322459222
E2415_119,0.1480552070263488
E870_263,0.328732747804266
E1498_779,0.9761606022584692
E1323_690,0.8644918444165621
E903_292,0.36511919698870765
E1778_112,0.13927227101631118
E1167_427,0.534504391468005
E2890_686,0.8594730238393977
E865_649,0.8130489335006273
E1860_659,0.8255959849435383
E1320_282,0.35257214554579674
E1079_645,0.8080301129234629
E338_345,0.4316185696361355
E1265_206,0.2572145545796738
E1376_665,0.8331242158092849
E2309_297,0.3713927227101631
E639_275,0.3437892095357591
E2516_441,0.5520702634880803
E2556_541,0.6775407779171895
E2821_361,0.451693851944793
E2486_770,0.9648682559598495
E441_315,0.39397741530740277
E1961_6,0.006273525721455458
E131_271,0.33877038895859474
E701_569,0.71267252195734
E519_766,0.9598494353826851
E504_724,0.9071518193224593
E1387_271,0.33877038895859474
E1587_123,0.15307402760351319
E2891_711,0.890840652446675
E2304_611,0.7653701380175659
E1879_205,0.2559598494353827
E1035_334,0.4178168130489335
E1482_19,0.02258469259723965
E829_145,0.1806775407779172
E328_221,0.27603513174404015
E25_645,0.8080301129234629
E712_112,0.13927227101631118
E280_708,0.8870765370138017
E2289_473,0.5922208281053952
E646_165,0.205771643663739
E303_155,0.1932245922208281
E1746_134,0.1668757841907152
E497_11,0.012547051442910916
E1744_67,0.08281053952321205
E1535_301,0.37641154328732745
E1698_572,0.7164366373902133
E691_255,0.3186951066499373
E86_762,0.9548306148055207
E1021_166,0.20702634880803011
E2057_395,0.49435382685069007
E1249_281,0.35131744040150564
E1490_298,0.3726474278544542
E1185_293,0.36637390213299875
E1442_369,0.4617314930991217
E2383_658,0.8243412797992472
E2675_46,0.056461731493099125
E1242_579,0.7252195734002509
E2871_48,0.05897114178168131
E2615_565,0.7076537013801757
E1424_527,0.6599749058971142
E19_264,0.3299874529485571
E992_495,0.6198243412797992
E2243_221,0.27603513174404015
E588_183,0.22835633626097868
E744_559,0.7001254705144291
E1503_222,0.27728983688833125
E3_41,0.050188205771643665
E111_266,0.3324968632371393
E2374_530,0.6637390213299874
E2329_235,0.2936010037641154
E1336_154,0.191969887076537
E2779_27,0.03262233375156838
E1133_474,0.5934755332496863
E2703_343,0.42910915934755334
E1780_91,0.11292346298619825
E649_14,0.01631116687578419
E522_531,0.6649937264742786
E2580_587,0.7352572145545797
E979_98,0.12170639899623588
E2423_255,0.3186951066499373
E982_787,0.986198243412798
E214_512,0.6411543287327478
E478_767,0.9611041405269761
E1814_90,0.11166875784190715
E2628_461,0.5771643663739021
E1012_23,0.027603513174404015
E2888_545,0.6825595984943539
E2958_367,0.4592220828105395
E1465_436,0.5457967377666249
E693_671,0.8406524466750314
E1799_486,0.6085319949811794
E2808_54,0.06649937264742785
E1989_207,0.2584692597239649
E2441_377,0.47176913425345046
E2762_748,0.9372647427854455
E2749_236,0.2948557089084065
E2679_550,0.6888331242158093
E2175_562,0.7038895859473023
E1568_341,0.42659974905897113
E2213_701,0.8782936010037641
E1370_562,0.7038895859473023
E2712_373,0.46675031367628605
E309_779,0.9761606022584692
E2039_126,0.15683814303638646
E1630_521,0.6524466750313677
E2565_736,0.9222082810539524
E1248_529,0.6624843161856964
E1293_545,0.6825595984943539
E1001_376,0.47051442910915936
E2346_781,0.9786700125470514
E1157_553,0.6925972396486826
E516_503,0.6298619824341279
E2359_791,0.9912170639899623
E1790_714,0.8946047678795483
E1160_785,0.9836888331242158
E2018_198,0.24717691342534504
E2724_647,0.8105395232120451
E1531_236,0.2948557089084065
E802_309,0.3864491844416562
E2474_266,0.3324968632371393
E1601_267,0.3337515683814304
E1340_517,0.6474278544542033
E2264_697,0.8732747804265998
E108_287,0.3588456712672522
E2657_294,0.36762860727728985
E2438_23,0.027603513174404015
E2381_389,0.4868255959849435
E389_347,0.4341279799247177
E61_473,0.5922208281053952
E1433_100,0.12421580928481807
E1466_663,0.8306148055207027
E7_6,0.006273525721455458
E2902_473,0.5922208281053952
E1087_545,0.6825595984943539
E2975_366,0.45796737766624845
E1637_648,0.8117942283563363
E1870_339,0.424090338770389
E248_755,0.946047678795483
E861_52,0.06398996235884567
E1207_382,0.4780426599749059
E1125_156,0.1944792973651192
E1963_648,0.8117942283563363
E1312_473,0.5922208281053952
E898_504,0.6311166875784191
E2616_511,0.6398996235884568
E1183_639,0.8005018820577164
E1545_248,0.3099121706398996
E2719_621,0.7779171894604768
E1970_346,0.4328732747804266
E1388_477,0.5972396486825596
E2326_129,0.1606022584692597
E1756_293,0.36637390213299875
E1149_486,0.6085319949811794
E1188_315,0.39397741530740277
E1072_388,0.48557089084065247
E1581_278,0.3475533249686324
E22_457,0.5721455457967378
E782_385,0.48180677540777916
E403_496,0.6210790464240903
E1623_750,0.9397741530740276
E1329_38,0.04642409033877039
E752_591,0.740276035131744
E2313_466,0.5834378920953576
E2392_737,0.9234629861982434
E832_626,0.7841907151819323
E598_73,0.0903387703889586
E1150_71,0.08782936010037641
E875_482,0.6035131744040151
E1349_460,0.5759096612296111
E198_161,0.20075282308657466
E537_399,0.4993726474278545
E1740_552,0.6913425345043914
E2225_116,0.14429109159347553
E2450_330,0.4127979924717691
E2334_649,0.8130489335006273
E1330_516,0.6461731493099122
E2425_196,0.24466750313676286
E616_574,0.7189460476787954
E1634_241,0.30112923462986196
E2173_135,0.16813048933500627
E1335_373,0.46675031367628605
E2038_699,0.875784190715182
E2830_193,0.24090338770388958
E1318_697,0.8732747804265998
E110_325,0.4065244667503137
E145_502,0.6286072772898369
E2736_758,0.9498117942283564
E2009_390,0.4880803011292346
E1146_600,0.7515683814303639
E1234_790,0.9899623588456713
E12_132,0.164366373902133
E183_714,0.8946047678795483
E153_166,0.20702634880803011
E2598_348,0.4353826850690088
E2538_634,0.794228356336261
E1286_90,0.11166875784190715
E2400_724,0.9071518193224593
E571_327,0.4090338770388959
E965_627,0.7854454203262233
E30_290,0.36260978670012545
E320_149,0.18569636135508155
E808_413,0.5169385194479298
E2639_140,0.17440401505646172
E242_453,0.5671267252195734
E934_243,0.30363864491844417
E2376_577,0.7227101631116688
E2638_184,0.22961104140526975
E2921_59,0.07277289836888332
E732_655,0.820577164366374
E2787_559,0.7001254705144291
E334_66,0.08155583437892096
E669_644,0.8067754077791719
E381_506,0.6336260978670013
E952_371,0.4642409033877039
E1331_379,0.4742785445420326
E1849_166,0.20702634880803011
E1585_763,0.9560853199498118
E1997_265,0.3312421580928482
E574_228,0.2848180677540778
E2434_635,0.795483061480552
E1263_654,0.8193224592220828
E1238_57,0.07026348808030113
E2130_19,0.02258469259723965
E1650_560,0.7013801756587202
E1733_422,0.5282308657465495
E2040_764,0.9573400250941029
E1352_705,0.8833124215809285
E273_545,0.6825595984943539
E1837_133,0.1656210790464241
E1838_229,0.2860727728983689
E294_68,0.08406524466750313
E213_173,0.21580928481806774
E1631_351,0.43914680050188204
E587_484,0.6060225846925973
E355_212,0.26474278544542035
E2707_618,0.7741530740276035
E2391_106,0.13174404015056462
E1090_529,0.6624843161856964
E637_194,0.24215809284818068
E394_6,0.006273525721455458
E1969_324,0.40526976160602257
E786_107,0.1329987452948557
E1489_249,0.3111668757841907
E342_316,0.39523212045169387
E2157_231,0.28858218318695106
E1584_790,0.9899623588456713
E963_34,0.04140526976160602
E2137_595,0.7452948557089084
E1661_733,0.918444165621079
E620_507,0.6348808030112923
E1595_631,0.7904642409033877
E1403_196,0.24466750313676286
E2299_276,0.3450439146800502
E589_798,1.0
E1553_337,0.4215809284818068
E2196_458,0.5734002509410289
E960_395,0.49435382685069007
E1059_419,0.5244667503136763
E1195_129,0.1606022584692597
E2725_270,0.33751568381430364
E2252_121,0.15056461731493098
E1909_752,0.9422835633626098
E1449_644,0.8067754077791719
E344_213,0.2659974905897114
E246_279,0.34880803011292344
E1783_493,0.617314930991217
E1474_720,0.9021329987452948
E305_315,0.39397741530740277
E2470_656,0.821831869510665
E2851_225,0.2810539523212045
E1920_31,0.037641154328732745
E1596_346,0.4328732747804266
E317_654,0.8193224592220828
E2172_737,0.9234629861982434
E672_421,0.5269761606022585
E837_689,0.863237139272271
E1029_31,0.037641154328732745
E703_705,0.8833124215809285
E2466_225,0.2810539523212045
E2428_226,0.2823086574654956
E1952_472,0.5909661229611042
E2199_318,0.397741530740276
E848_649,0.8130489335006273
E300_19,0.02258469259723965
E1406_650,0.8143036386449184
E2487_222,0.27728983688833125
E2153_797,0.998745294855709
E670_425,0.5319949811794228
E2558_363,0.45420326223337515
E209_777,0.973651191969887
E2255_430,0.5382685069008782
E185_58,0.07151819322459223
E2440_268,0.33500627352572143
E1366_690,0.8644918444165621
E1300_557,0.6976160602258469
E1679_746,0.9347553324968633
E2275_210,0.26223337515683814
E2544_296,0.370138017565872
E513_383,0.479297365119197
E119_710,0.8895859473023839
E1118_145,0.1806775407779172
E2692_611,0.7653701380175659
E1088_575,0.7202007528230866
E377_122,0.15181932245922208
E1665_608,0.7616060225846926
E2824_732,0.917189460476788
E655_773,0.9686323713927227
E750_741,0.9284818067754078
E2108_113,0.14052697616060225
E2216_608,0.7616060225846926
E306_324,0.40526976160602257
E733_372,0.465495608531995
E1219_194,0.24215809284818068
E1321_269,0.33626097867001253
E1541_567,0.7101631116687579
E805_779,0.9761606022584692
E206_680,0.8519447929736512
E2166_366,0.45796737766624845
E1384_787,0.986198243412798
E2905_691,0.8657465495608532
E834_620,0.7766624843161857
E2743_553,0.6925972396486826
E2059_355,0.44416562107904645
E1511_617,0.7728983688833124
E555_39,0.04767879548306148
E151_655,0.820577164366374
E1598_135,0.16813048933500627
E48_475,0.5947302383939774
E726_66,0.08155583437892096
E2418_120,0.1493099121706399
E2624_392,0.4905897114178168
E1942_225,0.2810539523212045
E1240_603,0.7553324968632371
E122_530,0.6637390213299874
E2394_65,0.08030112923462986
E851_510,0.6386449184441656
E288_564,0.7063989962358845
E1257_136,0.16938519447929737
E1040_94,0.11668757841907151
E713_419,0.5244667503136763
E1410_222,0.27728983688833125
E92_47,0.05771643663739021
E1578_509,0.6373902132998746
E1081_157,0.19573400250941028
E2988_682,0.8544542032622334
E1129_262,0.32747804265997493
E2030_555,0.6951066499372648
E924_168,0.2095357590966123
E2795_596,0.7465495608531995
E1668_676,0.8469259723964868
E2730_556,0.6963613550815558
E132_408,0.5106649937264742
E2793_421,0.5269761606022585
E2552_670,0.8393977415307403
E2444_644,0.8067754077791719
E97_162,0.20200752823086573
E1737_617,0.7728983688833124
E590_792,0.9924717691342535
E2016_312,0.39021329987452946
E1826_643,0.8055207026348808
E2507_153,0.19071518193224593
E658_246,0.3074027603513174
E2360_581,0.7277289836888331
E1013_646,0.8092848180677541
E2345_473,0.5922208281053952
E2939_195,0.24341279799247176
E116_689,0.863237139272271
E172_546,0.6838143036386449
E1841_581,0.7277289836888331
E252_611,0.7653701380175659
E2732_716,0.8971141781681304
E2879_785,0.9836888331242158
E2253_250,0.3124215809284818
E2583_416,0.520702634880803
E2970_206,0.2572145545796738
E2170_517,0.6474278544542033
E2379_665,0.8331242158092849
E809_77,0.09535759096612297
E1216_536,0.671267252195734
E1590_97,0.12045169385194479
E69_367,0.4592220828105395
E633_567,0.7101631116687579
E2614_137,0.17063989962358847
E508_479,0.5997490589711418
E1820_101,0.12547051442910917
E2545_501,0.6273525721455459
E2570_412,0.5156838143036386
E1822_706,0.8845671267252195
E566_354,0.44291091593475534
E1663_493,0.617314930991217
E1037_158,0.19698870765370138
E855_377,0.47176913425345046
E2728_650,0.8143036386449184
E390_165,0.205771643663739
E470_429,0.5370138017565872
E1119_254,0.3174404015056462
E2174_722,0.904642409033877
E186_166,0.20702634880803011
E1313_500,0.6260978670012547
E2076_579,0.7252195734002509
E326_547,0.685069008782936
E628_493,0.617314930991217
E1458_219,0.27352572145545795
E2647_276,0.3450439146800502
E743_316,0.39523212045169387
E2017_571,0.7151819322459222
E1439_486,0.6085319949811794
E1451_22,0.026348808030112924
E212_794,0.9949811794228356
E1177_485,0.6072772898368883
E987_405,0.506900878293601
E1103_345,0.4316185696361355
E2632_631,0.7904642409033877
E661_331,0.41405269761606023
E783_122,0.15181932245922208
E1453_348,0.4353826850690088
E2452_685,0.8582183186951067
E1287_330,0.4127979924717691
E1445_523,0.6549560853199499
E991_639,0.8005018820577164
E2288_367,0.4592220828105395
E1694_663,0.8306148055207027
E1049_44,0.053952321204516936
E2529_387,0.48431618569636137
E2974_279,0.34880803011292344
E1943_300,0.3751568381430364
E336_233,0.29109159347553326
E1667_273,0.34127979924717694
E2706_775,0.9711417816813049
E1830_125,0.15558343789209536
E1798_662,0.8293601003764115
E232_582,0.7289836888331243
E123_693,0.8682559598494354
E2653_335,0.4190715181932246
E2918_251,0.3136762860727729
E89_338,0.4228356336260979
E656_29,0.03513174404015056
E2576_651,0.8155583437892095
E16_219,0.27352572145545795
E2235_112,0.13927227101631118
E1186_192,0.2396486825595985
E1155_376,0.47051442910915936
E2422_680,0.8519447929736512
E2753_664,0.8318695106649937
E2979_80,0.09912170639899624
E2092_460,0.5759096612296111
E367_409,0.5119196988707654
E1955_168,0.2095357590966123
E2430_451,0.5646173149309912
E1325_766,0.9598494353826851
E499_183,0.22835633626097868
E1189_487,0.6097867001254705
E2277_599,0.7503136762860728
E845_761,0.9535759096612296
E824_742,0.9297365119196989
E1836_767,0.9611041405269761
E1768_387,0.48431618569636137
E1576_739,0.9259723964868256
E1480_435,0.5445420326223338
E525_89,0.11041405269761606
E708_724,0.9071518193224593
E1786_367,0.4592220828105395
E2161_683,0.8557089084065245
E1617_281,0.35131744040150564
E2637_551,0.6900878293601004
E2093_154,0.191969887076537
E806_525,0.657465495608532
E1984_237,0.2961104140526976
E2067_456,0.5708908406524467
E1285_465,0.5821831869510665
E1084_719,0.9008782936010038
E2189_467,0.5846925972396487
E1977_482,0.6035131744040151
E2344_626,0.7841907151819323
E2696_256,0.3199498117942284
E984_299,0.3739021329987453
E2181_319,0.3989962358845671
E2291_47,0.05771643663739021
E1114_273,0.34127979924717694
E2536_239,0.2986198243412798
E564_184,0.22961104140526975
E417_308,0.3851944792973651
E1487_341,0.42659974905897113
E1306_712,0.8920953575909661
E1655_71,0.08782936010037641
E2007_562,0.7038895859473023
E1364_126,0.15683814303638646
E1256_226,0.2823086574654956
E920_259,0.3237139272271016
E2421_425,0.5319949811794228
E2053_54,0.06649937264742785
E867_759,0.9510664993726474
E2693_258,0.3224592220828105
E776_635,0.795483061480552
E231_293,0.36637390213299875
E897_533,0.6675031367628608
E2800_687,0.8607277289836889
E2036_456,0.5708908406524467
E311_744,0.9322459222082811
E1645_307,0.383939774153074
E223_275,0.3437892095357591
E521_20,0.02383939774153074
E1722_669,0.8381430363864492
E1906_163,0.20326223337515684
E2862_531,0.6649937264742786
E1759_32,0.03889585947302384
E1981_315,0.39397741530740277
E1142_378,0.4730238393977415
E1887_692,0.8670012547051443
E2324_682,0.8544542032622334
E2397_193,0.24090338770388958
E2784_644,0.8067754077791719
E540_481,0.6022584692597239
E654_213,0.2659974905897114
E643_773,0.9686323713927227
E1494_379,0.4742785445420326
E1794_560,0.7013801756587202
E2913_167,0.20828105395232122
E1010_255,0.3186951066499373
E1791_712,0.8920953575909661
E225_327,0.4090338770388959
E1452_270,0.33751568381430364
E1063_692,0.8670012547051443
E452_507,0.6348808030112923
E1497_44,0.053952321204516936
E2011_668,0.8368883312421581
E2290_60,0.0740276035131744
E1089_83,0.1028858218318695
E2799_522,0.6537013801756587
E2393_324,0.40526976160602257
E906_123,0.15307402760351319
E219_283,0.35382685069008785
E838_638,0.7992471769134254
E471_63,0.07779171894604768
E85_367,0.4592220828105395
E1709_610,0.7641154328732748
E1168_349,0.4366373902132999
E2217_624,0.7816813048933501
E2389_163,0.20326223337515684
E1566_154,0.191969887076537
E2219_692,0.8670012547051443
E1317_181,0.2258469259723965
E2510_546,0.6838143036386449
E2505_454,0.5683814303638645
E1944_640,0.8017565872020075
E46_536,0.671267252195734
E1718_214,0.2672521957340025
E2005_145,0.1806775407779172
E2682_299,0.3739021329987453
E815_656,0.821831869510665
E1739_728,0.9121706398996235
E1154_286,0.3575909661229611
E1806_357,0.4466750313676286
E2125_187,0.23337515683814303
E1779_424,0.5307402760351317
E2611_391,0.4893350062735257
E1931_235,0.2936010037641154
E2180_646,0.8092848180677541
E892_458,0.5734002509410289
E2992_516,0.6461731493099122
E2936_493,0.617314930991217
E141_338,0.4228356336260979
E997_494,0.6185696361355082
E364_713,0.8933500627352572
E174_390,0.4880803011292346
E1546_771,0.9661229611041405
E1144_310,0.3877038895859473
E1107_510,0.6386449184441656
E1295_526,0.6587202007528231
E2673_525,0.657465495608532
E2572_13,0.015056461731493099
E1372_482,0.6035131744040151
E77_203,0.2534504391468005
E2691_752,0.9422835633626098
E2263_12,0.013801756587202008
E1462_99,0.12296110414052698
E1394_19,0.02258469259723965
E1431_325,0.4065244667503137
E583_425,0.5319949811794228
E2541_721,0.903387703889586
E942_448,0.560853199498118
E265_688,0.8619824341279799
E406_743,0.93099121706399
E932_625,0.7829360100376411
E1626_605,0.7578419071518193
E762_618,0.7741530740276035
E2585_653,0.8180677540777918
E721_572,0.7164366373902133
E1614_152,0.18946047678795483
E2292_645,0.8080301129234629
E2894_154,0.191969887076537
E741_53,0.06524466750313676
E2526_74,0.09159347553324969
E977_270,0.33751568381430364
E249_146,0.18193224592220827
E2503_509,0.6373902132998746
E438_580,0.726474278544542
E1247_382,0.4780426599749059
E178_162,0.20200752823086573
E688_399,0.4993726474278545
E777_779,0.9761606022584692
E1921_159,0.19824341279799249
E2245_651,0.8155583437892095
E1910_203,0.2534504391468005
E1816_420,0.5257214554579673
E1204_739,0.9259723964868256
E2520_535,0.6700125470514429
E2797_316,0.39523212045169387
E1804_141,0.17565872020075282
E1053_175,0.21831869510664995
E725_686,0.8594730238393977
E895_442,0.5533249686323714
E1075_78,0.09661229611041405
E75_115,0.14303638644918445
E1326_44,0.053952321204516936
E1652_539,0.6750313676286073
E2449_320,0.4002509410288582
E1135_304,0.38017565872020076
E613_363,0.45420326223337515
E880_790,0.9899623588456713
E128_161,0.20075282308657466
E2353_187,0.23337515683814303
E2574_536,0.671267252195734
E2607_331,0.41405269761606023
E275_188,0.23462986198243413
E1206_633,0.7929736511919699
E2929_217,0.2710163111668758
E1606_597,0.7478042659974906
E1314_569,0.71267252195734
E229_783,0.9811794228356336
E505_56,0.06900878293601004
E460_234,0.29234629861982436
E1990_161,0.20075282308657466
E1891_427,0.534504391468005
E1928_651,0.8155583437892095
E2989_397,0.4968632371392723
E2298_482,0.6035131744040151
E2349_32,0.03889585947302384
E1475_60,0.0740276035131744
E1865_433,0.5420326223337516
E1043_675,0.8456712672521958
E645_586,0.7340025094102886
E1111_227,0.2835633626097867
E2785_217,0.2710163111668758
E1251_320,0.4002509410288582
E2119_485,0.6072772898368883
E2143_378,0.4730238393977415
E2773_398,0.4981179422835634
E503_568,0.7114178168130489
E556_210,0.26223337515683814
E1345_273,0.34127979924717694
E1993_683,0.8557089084065245
E577_587,0.7352572145545797
E819_410,0.5131744040150564
E1226_193,0.24090338770388958
E1930_156,0.1944792973651192
E1479_95,0.11794228356336262
E17_57,0.07026348808030113
E160_719,0.9008782936010038
E2811_128,0.15934755332496864
E951_291,0.36386449184441655
E912_83,0.1028858218318695
E1656_110,0.13676286072772897
E55_422,0.5282308657465495
E416_128,0.15934755332496864
E1624_105,0.13048933500627352
E914_796,0.9974905897114178
E2899_40,0.04893350062735257
E2469_418,0.5232120451693852
E1818_167,0.20828105395232122
E2568_348,0.4353826850690088
E304_534,0.6687578419071518
E2041_743,0.93099121706399
E995_37,0.0451693851944793
E1727_741,0.9284818067754078
E1544_147,0.18318695106649938
E699_419,0.5244667503136763
E2999_370,0.4629861982434128
E428_355,0.44416562107904645
E534_601,0.7528230865746549
E1933_620,0.7766624843161857
E1828_470,0.588456712672522
E2534_450,0.5633626097867002
E399_328,0.410288582183187
E2184_699,0.875784190715182
E1450_548,0.6863237139272271
E2966_60,0.0740276035131744
E601_324,0.40526976160602257
E2771_596,0.7465495608531995
E39_231,0.28858218318695106
E1903_503,0.6298619824341279
E1061_257,0.3212045169385194
E2461_515,0.644918444165621
E1380_41,0.050188205771643665
E1579_335,0.4190715181932246
E835_51,0.06273525721455459
E347_519,0.6499372647427855
E2111_308,0.3851944792973651
E420_571,0.7151819322459222
E1071_351,0.43914680050188204
E380_399,0.4993726474278545
E1580_242,0.30238393977415307
E350_787,0.986198243412798
E2506_340,0.42534504391468003
E41_245,0.30614805520702637
E1429_245,0.30614805520702637
E2709_787,0.986198243412798
E1793_594,0.7440401505646174
E2126_684,0.8569636135508155
E908_733,0.918444165621079
E2904_50,0.06148055207026349
E1386_534,0.6687578419071518
E2429_796,0.9974905897114178
E2641_444,0.5558343789209536
E1856_772,0.9673776662484316
E2085_398,0.4981179422835634
E679_718,0.8996235884567126
E2960_71,0.08782936010037641
E2164_322,0.4027603513174404
E1658_667,0.835633626097867
E2156_647,0.8105395232120451
E2982_739,0.9259723964868256
E2527_74,0.09159347553324969
E715_226,0.2823086574654956
E2234_795,0.9962358845671268
E2584_386,0.48306148055207027
E150_379,0.4742785445420326
E1670_212,0.26474278544542035
E165_772,0.9673776662484316
E2134_680,0.8519447929736512
E841_247,0.3086574654956085
E2914_114,0.14178168130489335
E2500_684,0.8569636135508155
E1432_304,0.38017565872020076
E1762_350,0.437892095357591
E2858_285,0.35633626097867
E2925_110,0.13676286072772897
E1473_326,0.4077791718946048
E1689_786,0.9849435382685069
E597_747,0.9360100376411543
E2535_202,0.2521957340025094
E1420_258,0.3224592220828105
E575_453,0.5671267252195734
E2949_550,0.6888331242158093
E1877_645,0.8080301129234629
E2424_383,0.479297365119197
E1351_729,0.9134253450439147
E2910_678,0.849435382685069
E164_178,0.22208281053952322
E167_268,0.33500627352572143
E1143_768,0.9623588456712673
E1609_102,0.12672521957340024
E1686_100,0.12421580928481807
E846_280,0.35006273525721454
E211_298,0.3726474278544542
E138_78,0.09661229611041405
E923_122,0.15181932245922208
E900_643,0.8055207026348808
E1296_379,0.4742785445420326
E2792_546,0.6838143036386449
E5_27,0.03262233375156838
E2480_569,0.71267252195734
E1024_414,0.5181932245922208
E1782_61,0.07528230865746549
E1126_593,0.7427854454203262
E1640_394,0.493099121706399
E2678_486,0.6085319949811794
E2001_613,0.767879548306148
E1180_413,0.5169385194479298
E2185_783,0.9811794228356336
E220_549,0.6875784190715182
E2499_379,0.4742785445420326
E1901_412,0.5156838143036386
E1493_687,0.8607277289836889
E2868_567,0.7101631116687579
E2086_729,0.9134253450439147
E569_7,0.0075282308657465494
E1959_2,0.0012547051442910915
E706_558,0.698870765370138
E947_34,0.04140526976160602
E1521_125,0.15558343789209536
E2055_248,0.3099121706398996
E2274_49,0.060225846925972396
E1847_500,0.6260978670012547
E1022_556,0.6963613550815558
E1592_556,0.6963613550815558
E2123_717,0.8983688833124216
E1677_469,0.5872020075282308
E1736_225,0.2810539523212045
E1110_558,0.698870765370138
E737_683,0.8557089084065245
E1919_620,0.7766624843161857
E2549_334,0.4178168130489335
E1705_103,0.12797992471769135
E1745_725,0.9084065244667503
E23_54,0.06649937264742785
E226_456,0.5708908406524467
E2265_709,0.8883312421580929
E1513_119,0.1480552070263488
E709_34,0.04140526976160602
E1112_327,0.4090338770388959
E831_456,0.5708908406524467
E2828_742,0.9297365119196989
E1863_654,0.8193224592220828
E2420_774,0.9698870765370138
E2508_792,0.9924717691342535
E258_558,0.698870765370138
E1093_383,0.479297365119197
E376_136,0.16938519447929737
E2131_362,0.45294855708908405
E2498_451,0.5646173149309912
E909_482,0.6035131744040151
E1243_625,0.7829360100376411
E254_134,0.1668757841907152
E1350_132,0.164366373902133
E2058_265,0.3312421580928482
E24_743,0.93099121706399
E1121_232,0.28983688833124216
E1223_212,0.26474278544542035
E2403_285,0.35633626097867
E414_683,0.8557089084065245
E936_583,0.7302383939774153
E2351_597,0.7478042659974906
E297_43,0.05269761606022585
E931_524,0.6562107904642409
E1869_625,0.7829360100376411
E1192_767,0.9611041405269761
E1827_738,0.9247176913425345
E362_584,0.7314930991217063
E1738_672,0.8419071518193224
E2540_793,0.9937264742785445
E1867_636,0.7967377666248432
E523_117,0.14554579673776663
E1550_139,0.17314930991217065
E1030_664,0.8318695106649937
E81_423,0.5294855708908407
E2991_699,0.875784190715182
E629_185,0.23086574654956085
E2524_318,0.397741530740276
E1760_146,0.18193224592220827
E943_707,0.8858218318695107
E346_360,0.4504391468005019
E1923_734,0.9196988707653702
E2373_682,0.8544542032622334
E2776_31,0.037641154328732745
E760_789,0.9887076537013801
E2698_155,0.1932245922208281
E1359_647,0.8105395232120451
E2805_409,0.5119196988707654
E2266_398,0.4981179422835634
E2744_749,0.9385194479297365
E1381_778,0.9749058971141782
E2548_739,0.9259723964868256
E331_88,0.10915934755332497
E1569_82,0.10163111668757842
E1478_126,0.15683814303638646
E2490_468,0.5859473023839398
E2364_368,0.4604767879548306
E2680_160,0.19949811794228356
E2677_760,0.9523212045169385
E911_141,0.17565872020075282
E2660_144,0.1794228356336261
E1781_175,0.21831869510664995
E2806_381,0.4767879548306148
E2210_9,0.010037641154328732
E1682_118,0.1468005018820577
E874_109,0.1355081555834379
E2433_121,0.15056461731493098
E2777_342,0.42785445420326224
E1448_422,0.5282308657465495
E560_430,0.5382685069008782
E790_501,0.6273525721455459
E2731_119,0.1480552070263488
E2144_58,0.07151819322459223
E2791_672,0.8419071518193224
E2179_90,0.11166875784190715
E2946_32,0.03889585947302384
E1275_592,0.7415307402760352
E1032_744,0.9322459222082811
E704_672,0.8419071518193224
E710_494,0.6185696361355082
E2600_437,0.5470514429109159
E506_289,0.3613550815558344
E2906_311,0.3889585947302384
E2860_307,0.383939774153074
E1048_274,0.342534504391468
E100_204,0.2547051442910916
E2943_48,0.05897114178168131
E2686_640,0.8017565872020075
E188_637,0.7979924717691342
E2750_644,0.8067754077791719
E2769_150,0.18695106649937265
E1057_723,0.9058971141781681
E1991_151,0.18820577164366373
E247_359,0.4491844416562108
E2435_659,0.8255959849435383
E1508_324,0.40526976160602257
E1560_218,0.2722710163111669
E788_583,0.7302383939774153
E2297_192,0.2396486825595985
E2752_285,0.35633626097867
E1751_358,0.4479297365119197
E547_772,0.9673776662484316
E2931_191,0.2383939774153074
E873_576,0.7214554579673776
E2760_324,0.40526976160602257
E277_541,0.6775407779171895
E114_396,0.49560853199498117
E2201_178,0.22208281053952322
E1402_569,0.71267252195734
E946_178,0.22208281053952322
E1495_227,0.2835633626097867
E1338_675,0.8456712672521958
E2708_301,0.37641154328732745
E1127_319,0.3989962358845671
E1209_401,0.5018820577164367
E2459_723,0.9058971141781681
E1332_627,0.7854454203262233
E2061_189,0.23588456712672523
E2509_151,0.18820577164366373
E38_719,0.9008782936010038
E1302_301,0.37641154328732745
E1132_245,0.30614805520702637
E847_476,0.5959849435382685
E1512_574,0.7189460476787954
E1787_737,0.9234629861982434
E412_596,0.7465495608531995
E2687_785,0.9836888331242158
E2242_319,0.3989962358845671
E2194_466,0.5834378920953576
E1883_457,0.5721455457967378
E281_144,0.1794228356336261
E1174_735,0.9209535759096612
E1632_332,0.41530740276035133
E1741_8,0.00878293601003764
E2278_325,0.4065244667503137
E2537_368,0.4604767879548306
E450_328,0.410288582183187
E1824_723,0.9058971141781681
E1019_308,0.3851944792973651
E2963_673,0.8431618569636136
E2046_482,0.6035131744040151
E2763_384,0.48055207026348806
E1864_445,0.5570890840652447
E2454_459,0.5746549560853199
E94_234,0.29234629861982436
E1934_698,0.8745294855708908
E1840_615,0.7703889585947302
E433_783,0.9811794228356336
E244_3,0.002509410288582183
E2044_322,0.4027603513174404
E196_90,0.11166875784190715
E1772_499,0.6248431618569636
E466_472,0.5909661229611042
E686_111,0.13801756587202008
E887_354,0.44291091593475534
E1217_41,0.050188205771643665
E33_429,0.5370138017565872
E2396_344,0.43036386449184444
E1069_480,0.6010037641154329
E2924_515,0.644918444165621
E2113_775,0.9711417816813049
E1908_383,0.479297365119197
E1593_780,0.9774153074027604
E642_356,0.4454203262233375
E948_744,0.9322459222082811
E1130_707,0.8858218318695107
E2502_125,0.15558343789209536
E284_582,0.7289836888331243
E154_257,0.3212045169385194
E2751_478,0.5984943538268507
E2994_231,0.28858218318695106
E60_740,0.9272271016311167
E37_141,0.17565872020075282
E2737_380,0.4755332496863237
E2718_83,0.1028858218318695
E2813_298,0.3726474278544542
E2547_426,0.533249686323714
E878_205,0.2559598494353827
E369_211,0.26348808030112925
E2619_764,0.9573400250941029
E345_690,0.8644918444165621
E1258_570,0.7139272271016311
E1236_156,0.1944792973651192
E2020_381,0.4767879548306148
E1555_308,0.3851944792973651
E1322_393,0.4918444165621079
E2139_465,0.5821831869510665
E2385_77,0.09535759096612297
E143_73,0.0903387703889586
E2959_358,0.4479297365119197
E773_436,0.5457967377666249
E444_774,0.9698870765370138
E576_413,0.5169385194479298
E2977_525,0.657465495608532
E1481_769,0.9636135508155583
E2043_97,0.12045169385194479
E58_510,0.6386449184441656
E208_401,0.5018820577164367
E890_553,0.6925972396486826
E812_264,0.3299874529485571
E245_425,0.5319949811794228
E1889_32,0.03889585947302384
E558_555,0.6951066499372648
E205_602,0.7540777917189461
E2496_371,0.4642409033877039
E133_488,0.6110414052697616
E1368_33,0.04015056461731493
E1294_342,0.42785445420326224
E854_530,0.6637390213299874
E2417_144,0.1794228356336261
E2726_19,0.02258469259723965
E269_406,0.5081555834378921
E1173_28,0.033877038895859475
E351_430,0.5382685069008782
E1517_77,0.09535759096612297
E2933_3,0.002509410288582183
E2162_229,0.2860727728983689
E1083_46,0.056461731493099125
E2846_306,0.38268506900878296
E2366_736,0.9222082810539524
E1471_609,0.7628607277289837
E393_94,0.11668757841907151
E2352_45,0.05520702634880803
E1145_679,0.8506900878293601
E2622_78,0.09661229611041405
E2492_165,0.205771643663739
E1980_24,0.028858218318695106
E711_339,0.424090338770389
E1662_707,0.8858218318695107
E489_615,0.7703889585947302
E1888_479,0.5997490589711418
E1011_129,0.1606022584692597
E2826_513,0.6424090338770388
E147_482,0.6035131744040151
E163_436,0.5457967377666249
E1539_302,0.37766624843161856
E2121_534,0.6687578419071518
E791_685,0.8582183186951067
E2222_92,0.11417816813048934
E1315_446,0.5583437892095358
E1834_91,0.11292346298619825
E796_436,0.5457967377666249
E889_508,0.6361355081555834
E2740_212,0.26474278544542035
E2620_600,0.7515683814303639
E1215_697,0.8732747804265998
E2269_381,0.4767879548306148
E1723_330,0.4127979924717691
E2780_34,0.04140526976160602
E1164_464,0.5809284818067754
E2701_64,0.07904642409033877
E2098_88,0.10915934755332497
E279_706,0.8845671267252195
E1344_59,0.07277289836888332
E1683_127,0.15809284818067754
E173_785,0.9836888331242158
E996_773,0.9686323713927227
E2409_531,0.6649937264742786
E1076_786,0.9849435382685069
E2820_173,0.21580928481806774
E1764_135,0.16813048933500627
E1165_614,0.7691342534504392
E2998_43,0.05269761606022585
E1853_709,0.8883312421580929
E487_793,0.9937264742785445
E1958_7,0.0075282308657465494
E1789_592,0.7415307402760352
E2601_264,0.3299874529485571
E531_288,0.3601003764115433
E2956_249,0.3111668757841907
E602_745,0.9335006273525721
E1485_486,0.6085319949811794
E2859_502,0.6286072772898369
E1582_318,0.397741530740276
E2482_599,0.7503136762860728
E939_387,0.48431618569636137
E337_718,0.8996235884567126
E2407_337,0.4215809284818068
E272_358,0.4479297365119197
E99_18,0.02132998745294856
E134_529,0.6624843161856964
E599_568,0.7114178168130489
E2074_674,0.8444165621079046
E1196_427,0.534504391468005
E1064_505,0.6323713927227101
E1086_207,0.2584692597239649
E502_322,0.4027603513174404
E2310_672,0.8419071518193224
E792_183,0.22835633626097868
E1754_426,0.533249686323714
E2463_585,0.7327478042659975
E1725_355,0.44416562107904645
E1237_780,0.9774153074027604
E2713_133,0.1656210790464241
E1965_204,0.2547051442910916
E8_368,0.4604767879548306
E940_214,0.2672521957340025
E1542_460,0.5759096612296111
E1571_642,0.8042659974905897
E2900_594,0.7440401505646174
E2775_681,0.8531994981179423
E2818_54,0.06649937264742785
E1832_261,0.32622333751568383
E2627_390,0.4880803011292346
E2604_182,0.22710163111668757
E1304_372,0.465495608531995
E1734_370,0.4629861982434128
E1337_384,0.48055207026348806
E1844_328,0.410288582183187
E2978_272,0.34002509410288584
E1156_110,0.13676286072772897
E2649_666,0.8343789209535759
E155_498,0.6235884567126725
E1396_327,0.4090338770388959
E1098_119,0.1480552070263488
E2967_516,0.6461731493099122
E1496_203,0.2534504391468005
E1859_504,0.6311166875784191
E261_241,0.30112923462986196
E1895_488,0.6110414052697616
E563_441,0.5520702634880803
E1190_37,0.0451693851944793
E1115_161,0.20075282308657466
E618_470,0.588456712672522
E1851_602,0.7540777917189461
E530_697,0.8732747804265998
E820_364,0.45545796737766625
E318_777,0.973651191969887
E1140_780,0.9774153074027604
E340_435,0.5445420326223338
E2812_654,0.8193224592220828
E562_574,0.7189460476787954
E2460_589,0.7377666248431619
E1483_697,0.8732747804265998
E1769_514,0.64366373902133
E2644_611,0.7653701380175659
E2457_431,0.5395232120451694
E1235_405,0.506900878293601
E129_550,0.6888331242158093
E2406_656,0.821831869510665
E2099_530,0.6637390213299874
E2335_404,0.5056461731493099
E2733_512,0.6411543287327478
E1876_328,0.410288582183187
E90_242,0.30238393977415307
E1052_157,0.19573400250941028
E2348_327,0.4090338770388959
E88_704,0.8820577164366374
E2228_646,0.8092848180677541
E1567_30,0.03638644918444166
E2892_36,0.043914680050188205
E910_650,0.8143036386449184
E2355_252,0.31493099121706397
E1696_199,0.24843161856963614
E199_483,0.6047678795483061
E1749_735,0.9209535759096612
E1615_398,0.4981179422835634
E2533_627,0.7854454203262233
E2402_352,0.44040150564617314
E1892_389,0.4868255959849435
E2270_48,0.05897114178168131
E548_63,0.07779171894604768
E400_631,0.7904642409033877
E1951_452,0.5658720200752823
E1435_657,0.823086574654956
E1170_746,0.9347553324968633
E1311_185,0.23086574654956085
E2518_259,0.3237139272271016
E2307_423,0.5294855708908407
E1470_53,0.06524466750313676
E2881_437,0.5470514429109159
E135_373,0.46675031367628605
E1283_762,0.9548306148055207
E2944_792,0.9924717691342535
E793_71,0.08782936010037641
E954_470,0.588456712672522
E509_280,0.35006273525721454
E2467_422,0.5282308657465495
E2683_630,0.7892095357590966
E2757_512,0.6411543287327478
E1039_348,0.4353826850690088
E1392_656,0.821831869510665
E2336_602,0.7540777917189461
E749_331,0.41405269761606023
E368_497,0.6223337515683814
E492_663,0.8306148055207027
E296_217,0.2710163111668758
E2072_1,0.0
E1700_31,0.037641154328732745
E1428_708,0.8870765370138017
E915_729,0.9134253450439147
E2608_288,0.3601003764115433
E396_547,0.685069008782936
E1354_272,0.34002509410288584
E1491_747,0.9360100376411543
E1678_358,0.4479297365119197
E2211_259,0.3237139272271016
E1802_639,0.8005018820577164
E1988_489,0.6122961104140527
E2841_115,0.14303638644918445
E1097_758,0.9498117942283564
E2814_284,0.35508155583437895
E10_47,0.05771643663739021
E2927_679,0.8506900878293601
E237_16,0.018820577164366373
E2100_754,0.944792973651192
E1447_618,0.7741530740276035
E2192_42,0.05144291091593475
E622_592,0.7415307402760352
E810_757,0.9485570890840652
E925_574,0.7189460476787954
E2593_551,0.6900878293601004
E1966_685,0.8582183186951067
E1831_610,0.7641154328732748
E913_706,0.8845671267252195
E2244_233,0.29109159347553326
E2714_713,0.8933500627352572
E1398_203,0.2534504391468005
E1504_310,0.3877038895859473
E1391_411,0.5144291091593476
E321_106,0.13174404015056462
E853_453,0.5671267252195734
E1427_458,0.5734002509410289
E746_403,0.5043914680050188
E1515_141,0.17565872020075282
E1962_535,0.6700125470514429
E2035_425,0.5319949811794228
E1527_354,0.44291091593475534
E2256_200,0.24968632371392724
E2472_394,0.493099121706399
E675_794,0.9949811794228356
E1929_68,0.08406524466750313
E2159_743,0.93099121706399
E769_405,0.506900878293601
E360_259,0.3237139272271016
E430_354,0.44291091593475534
E1613_310,0.3877038895859473
E626_182,0.22710163111668757
E1904_7,0.0075282308657465494
E358_70,0.08657465495608532
E2047_462,0.5784190715181933
E734_708,0.8870765370138017
E2479_771,0.9661229611041405
E2742_276,0.3450439146800502
E1979_540,0.6762860727728983
E2889_404,0.5056461731493099
E1228_205,0.2559598494353827
E2471_479,0.5997490589711418
E2911_354,0.44291091593475534
E1026_740,0.9272271016311167
E1685_530,0.6637390213299874
E2969_565,0.7076537013801757
E2171_373,0.46675031367628605
E117_199,0.24843161856963614
E184_170,0.2120451693851945
E230_143,0.178168130489335
E2339_761,0.9535759096612296
E388_578,0.7239648682559598
E1946_176,0.21957340025094102
E636_334,0.4178168130489335
E315_465,0.5821831869510665
E1355_355,0.44416562107904645
E580_258,0.3224592220828105
E2984_159,0.19824341279799249
E2493_713,0.8933500627352572
E780_795,0.9962358845671268
E1861_766,0.9598494353826851
E600_700,0.877038895859473
E953_764,0.9573400250941029
E1241_234,0.29234629861982436
E665_341,0.42659974905897113
E1362_496,0.6210790464240903
E1000_684,0.8569636135508155
E517_18,0.02132998745294856
E683_572,0.7164366373902133
E2314_208,0.25972396486825594
E2840_487,0.6097867001254705
E1404_699,0.875784190715182
E1220_752,0.9422835633626098
E1972_564,0.7063989962358845
E983_766,0.9598494353826851
E2022_515,0.644918444165621
E2990_610,0.7641154328732748
E2976_379,0.4742785445420326
E2920_489,0.6122961104140527
E595_621,0.7779171894604768
E2448_491,0.6148055207026348
E2200_230,0.28732747804265996
E1641_346,0.4328732747804266
E2839_728,0.9121706398996235
E434_609,0.7628607277289837
E494_233,0.29109159347553326
E2325_694,0.8695106649937264
E2835_136,0.16938519447929737
E2603_598,0.7490589711417817
E2411_721,0.903387703889586
E1885_222,0.27728983688833125
E2419_41,0.050188205771643665
E1374_308,0.3851944792973651
E251_336,0.4203262233375157
E95_218,0.2722710163111669
E2319_471,0.589711417816813
E1444_507,0.6348808030112923
E2962_26,0.03136762860727729
E586_779,0.9761606022584692
E2468_409,0.5119196988707654
E1191_88,0.10915934755332497
E2062_154,0.191969887076537
E584_247,0.3086574654956085
E2579_140,0.17440401505646172
E1151_790,0.9899623588456713
E541_669,0.8381430363864492
E2239_204,0.2547051442910916
E565_31,0.037641154328732745
E2872_516,0.6461731493099122
E1695_369,0.4617314930991217
E2004_274,0.342534504391468
E2155_434,0.5432873274780426
E884_402,0.5031367628607277
E260_684,0.8569636135508155
E462_219,0.27352572145545795
E1627_706,0.8845671267252195
E361_569,0.71267252195734
E2650_523,0.6549560853199499
E825_258,0.3224592220828105
E1643_575,0.7202007528230866
E2443_350,0.437892095357591
E918_337,0.4215809284818068
E2401_29,0.03513174404015056
E1152_778,0.9749058971141782
E1651_435,0.5445420326223338
E2317_498,0.6235884567126725
E1911_398,0.4981179422835634
E937_692,0.8670012547051443
E1543_527,0.6599749058971142
E2850_132,0.164366373902133
E1902_500,0.6260978670012547
E1618_418,0.5232120451693852
E1886_140,0.17440401505646172
E559_115,0.14303638644918445
E1547_135,0.16813048933500627
E2852_95,0.11794228356336262
E2295_513,0.6424090338770388
E2670_330,0.4127979924717691
E2940_495,0.6198243412797992
E844_372,0.465495608531995
E98_715,0.8958594730238394
E2148_469,0.5872020075282308
E2025_280,0.35006273525721454
E858_260,0.32496863237139273
E2849_349,0.4366373902132999
E1239_98,0.12170639899623588
E2369_670,0.8393977415307403
E1551_757,0.9485570890840652
E2386_179,0.2233375156838143
E905_570,0.7139272271016311
E363_359,0.4491844416562108
E2285_696,0.8720200752823086
E745_691,0.8657465495608532
E2908_321,0.4015056461731493
E2203_772,0.9673776662484316
E217_414,0.5181932245922208
E2024_286,0.3575909661229611
E2887_680,0.8519447929736512
E2370_784,0.9824341279799247
E671_344,0.43036386449184444
E986_792,0.9924717691342535
E1100_153,0.19071518193224593
E2078_229,0.2860727728983689
E990_518,0.6486825595984943
E2567_463,0.5796737766624843
E2865_740,0.9272271016311167
E447_506,0.6336260978670013
E1307_85,0.1053952321204517
E1821_475,0.5947302383939774
E2747_399,0.4993726474278545
E2764_577,0.7227101631116688
E545_675,0.8456712672521958
E1282_140,0.17440401505646172
E1597_352,0.44040150564617314
E1574_633,0.7929736511919699
E1353_546,0.6838143036386449
E1233_21,0.025094102885821833
E1681_10,0.011292346298619825
E1232_196,0.24466750313676286
E553_112,0.13927227101631118
E578_74,0.09159347553324969
E34_268,0.33500627352572143
E2903_76,0.09410288582183186
E2640_443,0.5545796737766625
E2089_280,0.35006273525721454
E795_630,0.7892095357590966
E162_24,0.028858218318695106
E2759_743,0.93099121706399
E327_85,0.1053952321204517
E463_612,0.766624843161857
E312_263,0.328732747804266
E2215_340,0.42534504391468003
E215_749,0.9385194479297365
E2957_438,0.548306148055207
E1280_638,0.7992471769134254
E1784_474,0.5934755332496863
E1604_243,0.30363864491844417
E1699_427,0.534504391468005
E2937_8,0.00878293601003764
E2063_254,0.3174404015056462
E42_344,0.43036386449184444
E236_564,0.7063989962358845
E1178_304,0.38017565872020076
E1274_595,0.7452948557089084
E949_31,0.037641154328732745
E1809_737,0.9234629861982434
E1999_5,0.005018820577164366
E2842_266,0.3324968632371393
E2312_195,0.24341279799247176
E2037_459,0.5746549560853199
E2142_161,0.20075282308657466
E1389_606,0.7590966122961104
E591_440,0.5508155583437893
E1692_703,0.8808030112923463
E1382_680,0.8519447929736512
E1907_466,0.5834378920953576
E2088_702,0.8795483061480552
E682_453,0.5671267252195734
E1629_430,0.5382685069008782
E695_665,0.8331242158092849
E1939_32,0.03889585947302384
E2893_9,0.010037641154328732
E2564_536,0.671267252195734
E1047_112,0.13927227101631118
E2720_417,0.5219573400250941
E862_152,0.18946047678795483
E2305_469,0.5872020075282308
E2473_388,0.48557089084065247
E864_299,0.3739021329987453
E1520_283,0.35382685069008785
E2829_389,0.4868255959849435
E2553_713,0.8933500627352572
E392_795,0.9962358845671268
E2758_108,0.1342534504391468
E191_318,0.397741530740276
E2250_410,0.5131744040150564
E1855_547,0.685069008782936
E592_798,1.0
E651_644,0.8067754077791719
E789_606,0.7590966122961104
E2000_704,0.8820577164366374
E1559_317,0.39648682559598497
E2160_717,0.8983688833124216
E2734_145,0.1806775407779172
E550_89,0.11041405269761606
E518_415,0.5194479297365119
E370_2,0.0012547051442910915
E2368_78,0.09661229611041405
E850_698,0.8745294855708908
E2150_575,0.7202007528230866
E52_683,0.8557089084065245
E292_217,0.2710163111668758
E2090_122,0.15181932245922208
E2522_440,0.5508155583437893
E2224_576,0.7214554579673776
E446_593,0.7427854454203262
E2103_182,0.22710163111668757
E324_575,0.7202007528230866
E1324_269,0.33626097867001253
E2129_613,0.767879548306148
E1538_679,0.8506900878293601
E1099_747,0.9360100376411543
E457_292,0.36511919698870765
E1642_348,0.4353826850690088
E2382_684,0.8569636135508155
E20_548,0.6863237139272271
E2445_6,0.006273525721455458
E1067_333,0.41656210790464243
E349_578,0.7239648682559598
E1954_221,0.27603513174404015
E2560_135,0.16813048933500627
E2597_206,0.2572145545796738
E366_131,0.16311166875784192
E2511_733,0.918444165621079
E627_380,0.4755332496863237
E585_451,0.5646173149309912
E685_471,0.589711417816813
E678_286,0.3575909661229611
E2283_777,0.973651191969887
E2610_505,0.6323713927227101
E1912_452,0.5658720200752823
E1730_38,0.04642409033877039
E723_179,0.2233375156838143
E2390_23,0.027603513174404015
E1056_413,0.5169385194479298
E770_764,0.9573400250941029
E2656_239,0.2986198243412798
E473_792,0.9924717691342535
E1356_570,0.7139272271016311
E44_560,0.7013801756587202
E1770_562,0.7038895859473023
E2804_470,0.588456712672522
E78_688,0.8619824341279799
E2465_594,0.7440401505646174
E1408_591,0.740276035131744
E1250_734,0.9196988707653702
E1724_720,0.9021329987452948
E2082_638,0.7992471769134254
E139_747,0.9360100376411543
E15_672,0.8419071518193224
E1360_252,0.31493099121706397
E2138_159,0.19824341279799249
E308_268,0.33500627352572143
E1397_470,0.588456712672522
E2895_655,0.820577164366374
E1875_25,0.030112923462986198
E2590_729,0.9134253450439147
E2071_602,0.7540777917189461
E2555_344,0.43036386449184444
E1269_335,0.4190715181932246
E2953_107,0.1329987452948557
E1528_487,0.6097867001254705
E660_516,0.6461731493099122
E1463_570,0.7139272271016311
E2766_310,0.3877038895859473
E181_652,0.8168130489335006
E453_277,0.3462986198243413
E371_651,0.8155583437892095
E233_460,0.5759096612296111
E2378_647,0.8105395232120451
E483_662,0.8293601003764115
E1693_572,0.7164366373902133
E2042_166,0.20702634880803011
E801_638,0.7992471769134254
E2626_190,0.2371392722710163
E263_673,0.8431618569636136
E408_390,0.4880803011292346
E2106_559,0.7001254705144291
E938_438,0.548306148055207
E1848_386,0.48306148055207027
E849_85,0.1053952321204517
E557_671,0.8406524466750314
E1792_232,0.28983688833124216
E988_424,0.5307402760351317
E2594_684,0.8569636135508155
E2048_26,0.03136762860727729
E774_74,0.09159347553324969
E395_777,0.973651191969887
E722_398,0.4981179422835634
E2515_334,0.4178168130489335
E2635_453,0.5671267252195734
E2512_272,0.34002509410288584
E1554_371,0.4642409033877039
E2880_350,0.437892095357591
E2833_660,0.8268506900878294
E495_67,0.08281053952321205
E1915_138,0.17189460476787954
E1469_173,0.21580928481806774
E1564_571,0.7151819322459222
E64_462,0.5784190715181933
E1264_613,0.767879548306148
E2874_765,0.958594730238394
E2249_58,0.07151819322459223
E1105_365,0.45671267252195735
E1619_63,0.07779171894604768
E2145_405,0.506900878293601
E2886_650,0.8143036386449184
E180_342,0.42785445420326224
E2321_507,0.6348808030112923
E1128_784,0.9824341279799247
E1123_758,0.9498117942283564
E1967_227,0.2835633626097867
E1556_384,0.48055207026348806
E1610_378,0.4730238393977415
E1276_610,0.7641154328732748
E2350_384,0.48055207026348806
E1464_511,0.6398996235884568
E1688_29,0.03513174404015056
E2247_789,0.9887076537013801
E287_155,0.1932245922208281
E2827_171,0.21329987452948557
E692_502,0.6286072772898369
E1078_148,0.18444165621079048
E689_612,0.766624843161857
E2136_87,0.10790464240903387
E768_598,0.7490589711417817
E333_709,0.8883312421580929
E680_94,0.11668757841907151
E1917_167,0.20828105395232122
E79_186,0.23212045169385195
E1648_549,0.6875784190715182
E1393_11,0.012547051442910916
E2431_289,0.3613550815558344
E1761_285,0.35633626097867
E1616_96,0.1191969887076537
E1638_478,0.5984943538268507
E2238_430,0.5382685069008782
E66_405,0.506900878293601
E1675_787,0.986198243412798
E1858_278,0.3475533249686324
E582_228,0.2848180677540778
E401_741,0.9284818067754078
E2877_236,0.2948557089084065
E2866_340,0.42534504391468003
E2316_176,0.21957340025094102
E2084_612,0.766624843161857
E2286_57,0.07026348808030113
E1953_107,0.1329987452948557
E1514_209,0.26097867001254704
E2323_1,0.0
E624_600,0.7515683814303639
E2231_683,0.8557089084065245
E787_724,0.9071518193224593
E1625_768,0.9623588456712673
E397_47,0.05771643663739021
E2107_252,0.31493099121706397
E197_678,0.849435382685069
E2081_688,0.8619824341279799
E35_328,0.410288582183187
E385_778,0.9749058971141782
E2439_181,0.2258469259723965
E2823_57,0.07026348808030113
E527_702,0.8795483061480552
E823_627,0.7854454203262233
E1726_102,0.12672521957340024
E1948_363,0.45420326223337515
E798_463,0.5796737766624843
E2864_725,0.9084065244667503
E56_683,0.8557089084065245
E1033_184,0.22961104140526975
E2561_317,0.39648682559598497
E1523_386,0.48306148055207027
E1212_97,0.12045169385194479
E262_507,0.6348808030112923
E1095_276,0.3450439146800502
E888_61,0.07528230865746549
E73_14,0.01631116687578419
E9_399,0.4993726474278545
E2923_438,0.548306148055207
E207_358,0.4479297365119197
E2226_102,0.12672521957340024
E2302_353,0.44165621079046424
E2405_253,0.3161856963613551
E1878_571,0.7151819322459222
E573_107,0.1329987452948557
E140_135,0.16813048933500627
E2995_518,0.6486825595984943
E2026_431,0.5395232120451694
E161_45,0.05520702634880803
E634_529,0.6624843161856964
E868_595,0.7452948557089084
E1117_223,0.27854454203262236
E2109_128,0.15934755332496864
E1995_343,0.42910915934755334
E1015_25,0.030112923462986198
E2408_469,0.5872020075282308
E2756_725,0.9084065244667503
E2293_53,0.06524466750313676
E1507_533,0.6675031367628608
E2485_3,0.002509410288582183
E2566_693,0.8682559598494354
E2825_170,0.2120451693851945
E1004_178,0.22208281053952322
E1757_83,0.1028858218318695
E1423_143,0.178168130489335
E1221_105,0.13048933500627352
E1653_153,0.19071518193224593
E2204_614,0.7691342534504392
E239_717,0.8983688833124216
E485_650,0.8143036386449184
E1227_146,0.18193224592220827
E429_581,0.7277289836888331
E2685_505,0.6323713927227101
E2414_131,0.16311166875784192
E354_735,0.9209535759096612
E127_646,0.8092848180677541
E1009_146,0.18193224592220827
E2952_708,0.8870765370138017
E1600_579,0.7252195734002509
E2354_542,0.6787954830614805
E1187_448,0.560853199498118
E456_692,0.8670012547051443
E290_547,0.685069008782936
E1476_454,0.5683814303638645
E501_334,0.4178168130489335
E1347_791,0.9912170639899623
E2867_283,0.35382685069008785
E1136_3,0.002509410288582183
E218_780,0.9774153074027604
E2115_92,0.11417816813048934
E1519_486,0.6085319949811794
E1666_130,0.1618569636135508
E2488_211,0.26348808030112925
E1153_45,0.05520702634880803
E2056_570,0.7139272271016311
E2884_373,0.46675031367628605
E1457_524,0.6562107904642409
E2945_277,0.3462986198243413
E36_365,0.45671267252195735
E1027_105,0.13048933500627352
E243_524,0.6562107904642409
E2187_561,0.7026348808030113
E702_616,0.7716436637390214
E2341_743,0.93099121706399
E1763_29,0.03513174404015056
E775_509,0.6373902132998746
E144_161,0.20075282308657466
E1492_554,0.6938519447929736
E697_94,0.11668757841907151
E1526_713,0.8933500627352572
E1823_697,0.8732747804265998
E2033_466,0.5834378920953576
E2229_33,0.04015056461731493
E1936_157,0.19573400250941028
E2340_641,0.8030112923462986
E18_187,0.23337515683814303
E1602_657,0.823086574654956
E2110_527,0.6599749058971142
E2617_646,0.8092848180677541
E202_321,0.4015056461731493
E253_130,0.1618569636135508
E1660_7,0.0075282308657465494
E169_458,0.5734002509410289
E2163_622,0.7791718946047679
E113_260,0.32496863237139273
E2727_282,0.35257214554579674
E2695_208,0.25972396486825594
E816_275,0.3437892095357591
E748_278,0.3475533249686324
E1175_692,0.8670012547051443
E490_245,0.30614805520702637
E625_272,0.34002509410288584
E520_221,0.27603513174404015
E432_326,0.4077791718946048
E1182_536,0.671267252195734
E2195_233,0.29109159347553326
E1676_338,0.4228356336260979
E2003_88,0.10915934755332497
E1415_440,0.5508155583437893
E1881_648,0.8117942283563363
E379_596,0.7465495608531995
E241_607,0.7603513174404015
E190_127,0.15809284818067754
E1060_515,0.644918444165621
E83_653,0.8180677540777918
E1880_546,0.6838143036386449
E2183_29,0.03513174404015056
E1434_711,0.890840652446675
E1426_121,0.15056461731493098
E1371_223,0.27854454203262236
E2562_759,0.9510664993726474
E2118_380,0.4755332496863237
E826_35,0.04265997490589712
E2697_49,0.060225846925972396
E374_67,0.08281053952321205
E2230_240,0.2998745294855709
E539_201,0.25094102885821834
E2080_677,0.848180677540778
E1106_353,0.44165621079046424
E2331_578,0.7239648682559598
E171_249,0.3111668757841907
E758_220,0.27478042659974905
E124_465,0.5821831869510665
E200_646,0.8092848180677541
E2147_571,0.7151819322459222
E2404_64,0.07904642409033877
E907_186,0.23212045169385195
E1968_579,0.7252195734002509
E194_368,0.4604767879548306
E570_668,0.8368883312421581
E2669_70,0.08657465495608532
E2484_192,0.2396486825595985
E2027_754,0.944792973651192
E668_406,0.5081555834378921
E2539_382,0.4780426599749059
E1795_460,0.5759096612296111
E1973_541,0.6775407779171895
E418_626,0.7841907151819323
E2260_326,0.4077791718946048
E2330_189,0.23588456712672523
E1038_93,0.11543287327478043
E435_99,0.12296110414052698
E2778_194,0.24215809284818068
E2901_222,0.27728983688833125
E1122_57,0.07026348808030113
E2987_264,0.3299874529485571
E302_669,0.8381430363864492
E604_744,0.9322459222082811
E2689_271,0.33877038895859474
E1279_590,0.739021329987453
E797_388,0.48557089084065247
E413_198,0.24717691342534504
E4_645,0.8080301129234629
E989_661,0.8281053952321205
E2347_386,0.48306148055207027
E1771_276,0.3450439146800502
E1926_432,0.5407779171894604
E1077_150,0.18695106649937265
E2690_329,0.411543287327478
E2367_629,0.7879548306148055
E2257_691,0.8657465495608532
E2898_207,0.2584692597239649
E742_425,0.5319949811794228
E2135_775,0.9711417816813049
E549_457,0.5721455457967378
E1224_636,0.7967377666248432
E2836_571,0.7151819322459222
E1468_272,0.34002509410288584
E1620_54,0.06649937264742785
E754_321,0.4015056461731493
E1281_206,0.2572145545796738
E1716_508,0.6361355081555834
E2120_65,0.08030112923462986
E216_758,0.9498117942283564
E2497_421,0.5269761606022585
E2770_645,0.8080301129234629
E567_115,0.14303638644918445
E860_155,0.1932245922208281
E1938_697,0.8732747804265998
E1073_654,0.8193224592220828
E1927_28,0.033877038895859475
E1605_554,0.6938519447929736
E2426_568,0.7114178168130489
E1298_16,0.018820577164366373
E2127_403,0.5043914680050188
E187_689,0.863237139272271
E2029_529,0.6624843161856964
E2897_514,0.64366373902133
E1260_297,0.3713927227101631
E2704_794,0.9949811794228356
E631_295,0.36888331242158096
E70_271,0.33877038895859474
E2070_770,0.9648682559598495
E72_548,0.6863237139272271
E2028_7,0.0075282308657465494
E1390_82,0.10163111668757842
E1785_55,0.06775407779171895
E972_5,0.005018820577164366
E2525_549,0.6875784190715182
E1262_140,0.17440401505646172
E700_730,0.9146800501882058
E1308_687,0.8607277289836889
E257_661,0.8281053952321205
E1405_203,0.2534504391468005
E921_278,0.3475533249686324
E532_270,0.33751568381430364
E2738_449,0.562107904642409
E195_40,0.04893350062735257
