,gA,gB,gC,gC1,gC2,gD,gD1,gD2,gE,gE1,gE2,gF,gF1,gF2,groups
0,0.79734136746229,0.6478022689034405,0.575093304997602,0.013839594904813811,0.01578801635438995,0.5800139213118226,0.01794228886028372,0.018483434680408858,0.45529764462082534,0.01683011755722075,0.015366958996294084,0.4972544408756358,0.017969412981894594,0.0183056009695836,8.0
1,0.7986383466960983,0.6465308900011354,0.5844489617739373,0.013837886558658823,0.01695646253439081,0.5756477331070731,0.018380324332326246,0.018440820116610367,0.44888337491770824,0.016770057304453155,0.015459052283820315,0.49218211836942727,0.018748528623692327,0.018519767689099072,8.0
2,0.7860774244226253,0.6314126096202206,0.574497895306533,0.013546122276768076,0.016534492940890134,0.5718621855893081,0.022823735711950854,0.021786194624960235,0.4398674424844902,0.016212122202737166,0.01552219246238383,0.48196754485118004,0.01883750433137277,0.019302458186343126,8.0
3,0.7879639860850576,0.6281524175672106,0.585607663499565,0.013667636886414211,0.016388112011121586,0.5808643656909306,0.023098208374565415,0.02170910325131008,0.43699014403676656,0.01569448627024367,0.015766843523650587,0.48540363869933584,0.018990762696043176,0.019599849708908462,8.0
4,0.7866831769330339,0.6264691377297511,0.5918425338284214,0.012074835604808778,0.016611508164091068,0.587251645078002,0.023443635910903985,0.02200299389045733,0.43394366199300266,0.015815031302258434,0.015301249240422062,0.4785735978408283,0.019028063383214184,0.01952898416724544,8.0
5,0.7941719631175128,0.6291571331673067,0.5975775496179937,0.012019825863879287,0.01613223461328496,0.591652384711534,0.022866716586233585,0.022234323169430324,0.43206193724659964,0.015999749054156857,0.014984898626533447,0.4742394796021367,0.01962553585899191,0.019615641930685344,8.0
6,0.7953855474705174,0.6234779996885094,0.5958355590836998,0.012081407127444566,0.014695396506452924,0.5917691267371081,0.022885034499379855,0.022276846033253448,0.42101996013811577,0.01519828152276685,0.014840100731606106,0.46471420764618976,0.01986287177344868,0.019465815777464354,8.0
7,0.7998052230648471,0.6169052791497233,0.602995264405016,0.01211732526606266,0.014722235112334925,0.597693521783584,0.02308629475028142,0.022491169865150148,0.41682710872496614,0.016585220011514273,0.01566635854503691,0.46298617307428147,0.01964330732896174,0.019911683342448253,8.0
8,0.7874034912205369,0.600346279562461,0.59936947846583,0.013418088869745175,0.014199679537304149,0.6019725599766634,0.02383015034048949,0.022741416523529186,0.40753092179803757,0.017306514864218636,0.015596866349574676,0.4555659014324583,0.020095996343150842,0.019867139712845157,8.0
9,0.7948883761616646,0.5978887131177324,0.6116434253009466,0.012557568732204932,0.014282846450407822,0.6128509844372917,0.023455221965698884,0.022774857129240725,0.41257093911382287,0.01739394438014539,0.01448525489235001,0.4603594901648282,0.020100222287712563,0.019818140508536503,8.0
10,0.8004550501690194,0.6071215606186809,0.6023785943359697,0.01328460821133727,0.013406873572850713,0.6021229845895423,0.02329513230836925,0.022578866493780433,0.4118646208898151,0.016983139253777178,0.014403752574377603,0.4531696314929567,0.019594189817950552,0.020055928562917935,8.0
11,0.8071253965999555,0.5958022026976159,0.6135302205479223,0.013312404073051384,0.012732557458783171,0.6169337801364924,0.02287063802641821,0.022510619525070084,0.4240415679538711,0.017777236831814647,0.014109947425487905,0.45948094297954406,0.019611453719333153,0.020017849235034163,8.0
12,0.8040827531186173,0.5847596088181937,0.6317036122480088,0.013207599967279162,0.01277821827366142,0.6267188679609714,0.022726618268614763,0.02212572654690561,0.4317557866194652,0.017330976631135295,0.01322935055482454,0.46497051156497504,0.01870557592240729,0.020112995531309644,8.0
13,0.7890164882742393,0.5915866850710946,0.6351732003870515,0.013209410611969976,0.012823347900936389,0.6303137456350332,0.022609876306015107,0.021964611384463623,0.4365419773358071,0.017077963547774765,0.013725742947875345,0.4646193226023665,0.018624151597178645,0.020640555264053565,8.0
14,0.8025727015291823,0.5846934059196244,0.6419665679728594,0.013109293816322951,0.013105583938230851,0.6481103771008736,0.022658627711572423,0.02139450343098979,0.4446948591822575,0.016572780160601167,0.013803692705270782,0.4730979309780008,0.01843136239603643,0.020632038593957867,8.0
15,0.7967262817309362,0.5792984155886641,0.6609135652173844,0.013709054247645631,0.013107362641340395,0.6582074403058027,0.023585577319978283,0.02143477575462695,0.4490082557427769,0.016328363017537182,0.01361437823308926,0.4751279563131976,0.01845795041719129,0.020754063402096876,8.0
16,0.7894911159914816,0.5655499537336506,0.67006173287503,0.013751706368918239,0.01322519450541584,0.6774701033614079,0.023725867837654836,0.02145641993730937,0.4546907730805635,0.015910138595125176,0.013451793317959622,0.47900089033450427,0.018147537543957856,0.021360494931958816,8.0
17,0.7804330468392169,0.5542817149595911,0.6756200925486522,0.013762878347459649,0.013373785929925915,0.6989462126239401,0.025123278392915806,0.02301710625479415,0.45948170242585334,0.0157204261376662,0.013020481776250491,0.4770653061674335,0.01801041536233639,0.021089419775487193,8.0
18,0.7727441519016377,0.5503696446437514,0.6911854883677361,0.014568108879590067,0.013280311365057617,0.7149017769216218,0.02514346611131814,0.022403251987945377,0.48463481985231555,0.01607425376633763,0.014029792975317323,0.4985977886109482,0.01776687969712485,0.021153247152539342,8.0
19,0.7588676220471635,0.5542898615805639,0.7106510486707533,0.017030372383533606,0.013427311151362002,0.7251994902541453,0.025117273507597196,0.0224684175072242,0.495776177513204,0.015978900151516026,0.014167153308132707,0.509143229068123,0.017757334084012623,0.021069915234467523,8.0
20,0.7496774828676288,0.5556556859075255,0.7172005845055804,0.016794430049031667,0.013538809362259506,0.7366608083969717,0.024847377812172423,0.022274582185122842,0.5052384893610448,0.016245476160443764,0.014152570707712689,0.5202545121521589,0.01719414642963018,0.020798692090588915,8.0
21,0.7632349034215389,0.5526138547160755,0.7227529106402889,0.016540190078339418,0.014955894833213463,0.7457918672075432,0.02552680311944723,0.022762853163999543,0.5057927860524007,0.016079749232175797,0.015286239083681107,0.5138491034510665,0.01673003341771044,0.020635010814441756,8.0
22,0.7471550801469493,0.5451744454139846,0.7409212908534519,0.016346692128176153,0.015253780704909983,0.7571948680026188,0.02759791007253879,0.022247717261447916,0.5231293800315652,0.016392619994446293,0.015371213346957435,0.5332577599986236,0.01579056910601184,0.020641267334657907,8.0
23,0.7457325740114442,0.5259787862136979,0.7483908510611232,0.01566600591970989,0.01588878326062292,0.7694483744182267,0.028137081006493023,0.022166247173119706,0.5214035750266623,0.016303294035062806,0.01516234032824288,0.5311682736422942,0.015585029471939533,0.02075155213243041,8.0
24,0.7376180977254867,0.5067541269668752,0.769873168964009,0.0157412423429831,0.015981487031760975,0.7811780667273129,0.028235109290869417,0.021974560573708966,0.5248761749349632,0.01713269523312089,0.015572941817803762,0.532163464332873,0.01651677160866897,0.020865393087306856,8.0
25,0.7369452438338661,0.49276445479642034,0.8006086729494848,0.017066738817419397,0.01815359569277446,0.8088417569468844,0.02888902608215154,0.02178729159543765,0.531585433974788,0.017377522688298265,0.015359946479243774,0.5519262218518102,0.017613906876726006,0.0209785858150686,8.0
26,0.7457894002970359,0.47658265961843954,0.8051094302511597,0.018208024073854686,0.020649213403202492,0.8261376749818797,0.040965690622672114,0.03148693265647335,0.5421806655651207,0.024290107528766373,0.023386109072182623,0.5495481568557361,0.026404279043540164,0.02114916373321101,8.0
27,0.7458043448862844,0.4575925272047007,0.8193365117687622,0.018156577250185473,0.01975460618882258,0.8490507710983058,0.04095614209974787,0.03145989577161131,0.5419657057817535,0.0250928832412192,0.024275894048310452,0.5526246615024103,0.027176276754221268,0.020844556812407627,8.0
28,0.7539937862648732,0.45533688465155997,0.828380983676031,0.018003677060974634,0.020445743592421062,0.8481933815728206,0.039924271074487254,0.031363534825384745,0.5359260553566264,0.025233397483063063,0.024734450152765933,0.547541236899282,0.02705187501249966,0.020846118517578713,8.0
29,0.7554603961767599,0.44822648898787065,0.8271303403276312,0.01800197899974412,0.020865126025570044,0.8447285720203404,0.04049301031354124,0.03135984701483971,0.5140990931670315,0.02567023375044364,0.024717826241224795,0.5368629629590539,0.027617391014022913,0.02043165473412657,8.0
30,0.7361347713550669,0.4437128285068552,0.823447701035088,0.018238849012230083,0.020911992859247653,0.8476110323589802,0.040217631793349785,0.03140775855486896,0.5248779028274305,0.025675388966128455,0.0246701158676867,0.5511724859342644,0.0274386084026032,0.02075697835497399,8.0
31,0.7290069199931165,0.4274173079595267,0.8272646238686463,0.01783581755346895,0.020902959797328445,0.8452621465865181,0.04006579587569174,0.031206311141194303,0.5174598454267144,0.025202793864694876,0.024452591383770917,0.5443580537492616,0.027410196999236653,0.020417544687181557,8.0
32,0.7300673906761199,0.4167596246294539,0.8059084501570095,0.018751545373887405,0.02124280661591559,0.8455582340542976,0.03966771879552239,0.03209227566610966,0.49643035796785595,0.02519638990012392,0.024020737118000155,0.5218621026898567,0.027217979079780266,0.020006385493981663,8.0
33,0.7279126495765156,0.4075785589605474,0.8096331076345109,0.018751288291634707,0.02152643212911708,0.8483779709295206,0.03962551499528308,0.03188455529147755,0.4879876791200606,0.02520888916709365,0.024378141026831116,0.5153817256336837,0.02765816077289543,0.019368472584674563,8.0
34,0.7292245495010959,0.4134488782205816,0.8196631792384003,0.01873738770785693,0.022186454614023337,0.8560114770625671,0.039569709939316626,0.032631735667164596,0.4986134813035672,0.024718955465901783,0.023923979182771015,0.5290643985721932,0.02735494573642266,0.01947210942863518,8.0
35,0.7313927349808057,0.39345763624309826,0.8364182439919446,0.018731519507546413,0.022264314941636432,0.8658757234269117,0.039739271934032365,0.03321149553770768,0.496286155623703,0.024644325633706797,0.02383673962408086,0.5240853333184179,0.028857620743127917,0.01931730886750573,8.0
36,0.7276679798506742,0.40146165258506683,0.8433565251333013,0.018622215209305994,0.022899093973508727,0.8738072412642433,0.03897864027582672,0.03296386146126571,0.5123824417047811,0.025211680191838344,0.024067299437628965,0.5371127326117721,0.028355244083567172,0.0173520069918225,8.0
37,0.7398158934432386,0.40431332592558666,0.8630478923375609,0.019145014036063755,0.02284271995559008,0.8981616603776942,0.03818240906676757,0.034598699516697945,0.5121550747836539,0.025026421058286875,0.024347492012218988,0.5482565909095759,0.028402502518154408,0.01688948464878353,8.0
38,0.7413156113145951,0.39287738087601,0.86506182734557,0.01918123502894984,0.02288383939538986,0.9062161900173672,0.03804600946461467,0.03430916421608863,0.49275274617130393,0.02576917952240307,0.024135372357399917,0.5363359233257878,0.02795652287173993,0.01707493173089291,8.0
39,0.7384773931148918,0.39707767669948324,0.8756284697996128,0.019687206355283184,0.022557832587282098,0.9055631348447403,0.03717199710890115,0.03242918530310944,0.5031546080452216,0.0257663420497909,0.02441992835666768,0.5452386927509161,0.027975953493696998,0.014547919150556858,8.0
40,0.7302299551311642,0.4023768252005107,0.859695396171337,0.019690972577181477,0.022286196918901692,0.8957437397416758,0.037474027097287144,0.03237986482341885,0.4953644454968798,0.026927259410207065,0.02516056705823874,0.5281925495995631,0.02898010050272304,0.01475468296723515,8.0
41,0.7359094280811403,0.37958902859769844,0.8700218514577344,0.02557947328148074,0.030142319739879745,0.9043333043623791,0.03884618305722373,0.03242515688258671,0.4884148542279917,0.02696505673301898,0.026073015432975754,0.519109232319055,0.029290089325180547,0.014986952415271579,8.0
42,0.7515112017897853,0.3690758770108368,0.8813128804169617,0.025386583776327232,0.0299705803300786,0.9176664011434945,0.03997328065402663,0.032207059634565584,0.48925198805094233,0.026256940642298554,0.025753654666618143,0.5146999282265452,0.029160044388656745,0.014890439998757825,8.0
43,0.7562364762894047,0.3621784905507137,0.8697497341379322,0.026696948454481645,0.030468330235997047,0.9184924373363237,0.042272178913106265,0.0379106375332331,0.4840707980832397,0.025630099943437335,0.024165356179967117,0.49510221824516776,0.029062969170643348,0.01606026537731819,8.0
44,0.7479245887595747,0.37352728918286426,0.86651395086133,0.026567198706182422,0.030334617511417125,0.9299885082267264,0.0425308234359548,0.038111757143678066,0.49879576247592117,0.02691498499239942,0.0248146341883566,0.5136870653481349,0.02848874331537096,0.01644609387816926,8.0
45,0.7509894367394446,0.3633130663678251,0.8619452560391662,0.02642815003635544,0.03068321262764325,0.9293624415530306,0.04253453336630661,0.038032565716887,0.48753802969625015,0.027114588016542974,0.024562804975916716,0.5011117427788937,0.02872735329718197,0.016394740089931484,8.0
46,0.7417974993296407,0.3691233142540545,0.8499699099726399,0.026001940249322862,0.03146049507077644,0.9340503592316644,0.04487726343375484,0.03823106919244967,0.4955137928864207,0.02712576965955499,0.024850220772207225,0.5140698316236754,0.027945941175909948,0.016054623068452,8.0
47,0.749012109317841,0.36830847863544003,0.8648022617069233,0.02573803547909865,0.03077773022577202,0.9587768029943485,0.04321701848320911,0.032504514545941325,0.4979607920592208,0.026986113734933634,0.025103735636408057,0.5173841021436464,0.027331124824514098,0.016635448518974746,8.0
48,0.7529127310132105,0.36834622039344,0.8773214325174413,0.030373152883830485,0.030342955559571415,0.9759923913742824,0.043176285825198175,0.03285914804433309,0.49910252173173836,0.027924467701488657,0.02498708270416085,0.5160326315268907,0.028446652847151678,0.01618425475082214,8.0
49,0.7471221032741328,0.3806018557502589,0.8906142312909185,0.030369068659582707,0.030142893993808144,0.9638915545032247,0.04551672103749968,0.03324066537606043,0.5190798262719212,0.02784736726841808,0.025722014762775806,0.5254240101097122,0.028744841299304928,0.014163421844774442,8.0
50,0.7429315340358523,0.3710073406138635,0.893134807392205,0.030336855684323163,0.03015633175060836,0.9671361853196109,0.045351541006187095,0.032453951093833686,0.5303209272906608,0.02850016071850673,0.025369839801106117,0.5408099614037497,0.029252306093119324,0.014146472460346999,8.0
51,0.7414773601320698,0.38479671211518024,0.8746638064484108,0.030912581935582804,0.028162965536619896,0.9597977288362025,0.04558639218878641,0.03243285587046711,0.5357452943379646,0.028566526786294347,0.025153664160493795,0.5474525359157721,0.02922811708739383,0.014438085202266084,8.0
52,0.7530424462688912,0.38480121122930444,0.8917572876776231,0.03188457794156355,0.031199707057566382,0.965056083666828,0.04082446194211881,0.029293890581029977,0.5356165194923378,0.028650108926777634,0.0263040719431887,0.5463057129134826,0.028869784232735535,0.013152245799498995,8.0
53,0.7540951977297109,0.37692950820877713,0.8851594366993822,0.03247007542732614,0.03118783956961547,0.9671642975248085,0.040505626380420684,0.029419211974168392,0.5282788714814172,0.028746327520141758,0.02656781526803182,0.5332829178056006,0.028689749145023282,0.01275074298247843,8.0
54,0.7623618291773774,0.3725153579933929,0.8866524153114181,0.032457256732665425,0.030920759406214526,0.9665540013428808,0.04090577696717615,0.03092007826664205,0.521909304802235,0.02925080079363397,0.02700472735140424,0.5294966842541318,0.028718167794698123,0.013267688422927377,8.0
55,0.7406252553095513,0.3671204945069573,0.8646093106289962,0.03257351948540013,0.03082316527155113,0.941220085299857,0.04104284987592668,0.031050957841172445,0.5135925071088555,0.028179483962231796,0.02724702157009007,0.5262399223099185,0.03189752641927026,0.02155490131747554,8.0
56,0.7256002024954143,0.37428776023896815,0.8574129152900973,0.032824459574910196,0.030861546108938286,0.9385475784047237,0.04118626445713959,0.03099082349931154,0.5300469910630544,0.028141689562379578,0.02834434765187323,0.534261939230227,0.03180639672460183,0.021694095321273973,8.0
57,0.7217562136960125,0.3690549878732976,0.8481425987320941,0.03281408720559281,0.03063675463658362,0.9414161402592748,0.048457221866418966,0.03955324512696884,0.5213361420063045,0.026800006313757188,0.02759069171424281,0.5193156043127299,0.03167000310910488,0.024074113117116127,8.0
58,0.7374258739754552,0.3717380345937134,0.8820486341918041,0.03148740535703426,0.030821108178938315,0.9491850906750047,0.048022572978000666,0.040186428604515406,0.5408191872136685,0.02618184461707808,0.027730666954052446,0.5310383901079027,0.03206827188518333,0.024078352335625514,8.0
59,0.7391955073946417,0.3631501178012189,0.8735719721924964,0.032097956830181754,0.0316327387579609,0.9329786296559531,0.04870536177393931,0.04227473829227209,0.5258750807975465,0.026216711300167336,0.02795384394481889,0.5089331607619266,0.032612242599214275,0.02401458477735126,8.0
60,0.7326095948705329,0.36749675015451955,0.8767413485224873,0.031996241255477426,0.03135749508853252,0.9356967572834087,0.048671084678496575,0.04360661883052288,0.5285105285425622,0.02632971209001895,0.028333887194838522,0.5166396755147248,0.032996209991835924,0.023830269447029838,8.0
61,0.7265279046351464,0.36658690069362165,0.8797745391591876,0.031951597610707407,0.031555980532863515,0.9376270173798609,0.04878610997761463,0.04559497382987506,0.5118923426389181,0.025490739225201623,0.02911780187265918,0.5026147534790024,0.032059356858823114,0.023827861649332652,8.0
62,0.713953259873355,0.38170194546490877,0.8681745667848504,0.03190644325763174,0.03148705377948229,0.9299913831988569,0.049111349922638194,0.04580540301356472,0.5177492666133834,0.02552767411600781,0.02912179274678225,0.5116736877776871,0.032262468020014826,0.023931135708057223,8.0
63,0.731932661180264,0.3675468797932224,0.8779618398016902,0.03242955849761727,0.03154850000092323,0.9340671264851713,0.049148087989843374,0.045860780501196255,0.5059836510872509,0.025617790720646638,0.029498796106675735,0.5067297337067,0.032894237762224034,0.023554716623511593,8.0
64,0.7075190578824018,0.3734096525908434,0.874931239653683,0.03315713854096137,0.03131933798892646,0.9249187419849512,0.049206825701710116,0.0462112729316533,0.5220435959592666,0.025843629919270392,0.031081809535368498,0.5097363773747624,0.03330376976904193,0.023317188001858384,8.0
65,0.6980031202964371,0.37689169764454333,0.8584920200045603,0.03835597903694354,0.0315080957557135,0.9122092307272303,0.048214056656344616,0.04630376842582926,0.5294048414657112,0.025863553105811243,0.031039771636803555,0.5179354704453347,0.03527073471984477,0.023374277678111285,8.0
66,0.6910507117802777,0.3897870631776088,0.8460618284618933,0.03924239622818517,0.031951444748886566,0.8949209546349212,0.04873474234003235,0.046673910390378916,0.5375457829281516,0.025968871002650374,0.031264256065301956,0.5187319437112733,0.0352574361181924,0.022612212356923282,8.0
67,0.7002335837285397,0.3895134873197202,0.864032250859812,0.03943219583239675,0.03188861349605815,0.8846187168734403,0.04750934091226953,0.04588158256523352,0.5291499459425094,0.026129227446964175,0.031820802713118136,0.519531094576476,0.03528466565197074,0.022875860851403043,8.0
68,0.7114394195150905,0.3774506020217555,0.8635118159899529,0.03877392612047124,0.034061240533234415,0.8898379030897153,0.047376519429449766,0.04578437356550099,0.5034110878421331,0.02696907130446936,0.031104885443948106,0.5005479572348616,0.035295467363113106,0.023142717362021524,8.0
69,0.7068980417275554,0.37258714565645706,0.8495895364782895,0.03621394700795438,0.034090214947786406,0.8873850876877537,0.049337220796718775,0.045975405306034285,0.5060217005667511,0.027472374469247118,0.03114098044763551,0.5018291564574936,0.0352149271914141,0.023225717566916285,8.0
70,0.7018003830175545,0.37393695986332065,0.8451099887204098,0.03581500928035807,0.034332096616056546,0.8844909623614475,0.04932999935597924,0.045984339967065385,0.5102560591105093,0.027599094392222457,0.0312999705340458,0.5034342632219824,0.03513736299893288,0.023370538590952613,8.0
71,0.6816185363812687,0.37639517267375894,0.8295077554212262,0.03579542994193509,0.033927990623745505,0.8650496161864552,0.04949780306346344,0.045924794041180654,0.512356549423681,0.02792579981692607,0.03009524291541691,0.5103894953960025,0.03526301321210064,0.023365154257844613,8.0
72,0.6771088377536385,0.37228731903816226,0.8086907757476094,0.03599319224569349,0.03375075694488859,0.849340394977174,0.047167084153457835,0.04611856826913254,0.4986738290613167,0.029254550482666803,0.030213619491863308,0.5007716208561027,0.03846217756220499,0.02625013547935811,8.0
73,0.6629881246077042,0.39113557917352,0.8072807501454052,0.03649308546461769,0.03318458450841322,0.8426419307003533,0.046515197791494566,0.0461995155742013,0.5113962405547033,0.02941727610199774,0.03035990178216845,0.5185396456024365,0.039146752895235545,0.026852988521906637,8.0
74,0.6535246055507773,0.4058895138027316,0.7923525050036129,0.03643267790303616,0.03462326725127317,0.8285951279129208,0.046927812152056755,0.04623618682474897,0.5186615646329679,0.02882835844379997,0.03050767243749946,0.5283057431100667,0.03771770733113307,0.026691882807648667,8.0
75,0.6415794920488993,0.4172093473172275,0.7654967650013252,0.03483628902111843,0.03196745149243699,0.8037210538690438,0.046021706223899006,0.046645401233321185,0.5246858877121183,0.02834657827452374,0.030592997981932442,0.522168147662135,0.03843453847909156,0.026624342676447886,8.0
76,0.6305756050947225,0.43850216020832605,0.7662280712096997,0.03350978476334471,0.02932090692799215,0.7878582054347655,0.03393346924573505,0.036971143152214676,0.530312711911926,0.021476499175761145,0.0218392867120177,0.5362934394527297,0.029507753414566063,0.026427904506530524,8.0
77,0.633539959290718,0.4397988397967474,0.7765084353480141,0.033878824454135675,0.029177081079503387,0.779838356280989,0.03371026225771941,0.03710151151586577,0.5292367480896856,0.020818736287479676,0.020554963333823152,0.5292590129745861,0.028875042571023503,0.026375446521870224,8.0
78,0.6182019938993704,0.447681085640216,0.7463130411387268,0.03326734826265858,0.02868625916390491,0.764479494648446,0.034068136007120914,0.03716088896127374,0.5409087229361833,0.021001613292517415,0.020471735422833332,0.5283233542055451,0.02839139516357555,0.026502065338073123,8.0
79,0.6209566588193351,0.4492415780505934,0.7560450846173837,0.03350393272262021,0.028347842759337643,0.7708518740150914,0.033923678637505034,0.038095552181779825,0.5405466562706112,0.020567871266509597,0.020442998504488833,0.5294323251753617,0.02772275264615287,0.027113931429233507,8.0
80,0.6190959615274372,0.44736535449413223,0.7428334750855272,0.035929422814822504,0.02875738770385818,0.7566232754368931,0.033590424054445095,0.03796327784275541,0.5364890512354102,0.02221058034609896,0.020470140729850796,0.5168590689646111,0.027462622548776544,0.027082442393618296,8.0
81,0.622369653562508,0.44780631757678035,0.751606534175633,0.036134765126766576,0.028843598478213,0.761889062795304,0.03492837810996543,0.037583178748651205,0.5362489850814349,0.022953258341759195,0.02045106116097038,0.5168148499529517,0.027604059438768605,0.027318326020019202,8.0
82,0.60971108033593,0.46776047628543327,0.7471199594314204,0.03518958891253208,0.028981761711220817,0.7470363574613158,0.03526891567881105,0.037455647965409296,0.5470464622162968,0.02315337979715959,0.02088078533650906,0.5366069169847867,0.027430956443285776,0.028383052729883857,8.0
83,0.5916278959172763,0.48338702791767874,0.7320163938930098,0.03548203274600107,0.02876961233727936,0.7312570328639219,0.035575982217261985,0.03740560782497654,0.5573353959311439,0.02508778132263757,0.02102947119669782,0.546488096271915,0.026463459189018188,0.029066020825443076,8.0
84,0.5791513514040852,0.4652147253115226,0.7249649473102829,0.035662181430884975,0.028031182206854674,0.7181254646330497,0.03639098238504876,0.03698019263800875,0.5552512701294454,0.025166517869075103,0.02085087357349001,0.5485687917837108,0.027069084982113356,0.029188562187419487,8.0
85,0.573104191587243,0.4847226251040897,0.7125125448563442,0.03685479888807258,0.02767579002622153,0.7094867762778327,0.03578105444231527,0.03675180452008715,0.5699051095732809,0.025450848804744065,0.021855579635633064,0.5664078229636083,0.025587422381799306,0.02913407267684826,8.0
86,0.5645115111399087,0.4829009181479935,0.7032946200565046,0.03698914946154758,0.02673469573930478,0.69696999618365,0.035752951144665986,0.03747748068204406,0.5628198232710493,0.024856760053585548,0.021346389718511737,0.562757074350848,0.025877711190994638,0.02915342832196037,8.0
87,0.5564295100588578,0.49283361409097426,0.6808588773802977,0.037025381326075454,0.028118157042467264,0.6704405987561362,0.035918140966014936,0.036475883958003615,0.5694819377356088,0.024886429907913052,0.021003742383155704,0.569485886594104,0.025800176890292157,0.02951090380561941,8.0
88,0.5437833374992348,0.5126210869367361,0.6766066581598622,0.03723941064408332,0.027962365946318915,0.6597086436692973,0.03604611105609888,0.03636143661937348,0.5915262825961933,0.024326175200530008,0.021578990441481368,0.5877002225282258,0.0259910527514295,0.029213426339183887,8.0
89,0.5402286490567496,0.516757659804023,0.6738801360816012,0.03870605057182448,0.028205246384169172,0.6521493178605559,0.03615720546149505,0.03850289556458241,0.5872130047906614,0.024280020908430833,0.021066330963310294,0.5921741522507646,0.026637830048356577,0.028824280591979883,8.0
90,0.5526090937865714,0.506595696736885,0.6891386241850054,0.03897115105095976,0.028267581102638897,0.6814018231632736,0.036505917339936696,0.038466566488021006,0.588288018512504,0.022953571280868834,0.020724017675403057,0.5865955896934413,0.025672653428731894,0.029189032257605083,8.0
91,0.5568338680098839,0.5066226218970704,0.6936266748729184,0.033071838045985194,0.020382586960902147,0.6953341338294825,0.03615669148253529,0.03833513160867601,0.5885481567443871,0.02327752637006413,0.01993327761560236,0.5889773340885773,0.025970325088278248,0.029048823211451545,8.0
92,0.533439129886703,0.5171885517187992,0.6797864330015168,0.03318106402863991,0.02040183895664545,0.6805186153071716,0.03488998007838914,0.03814752084645352,0.5973073034776845,0.022823299799275647,0.01997347131505892,0.6022812318785923,0.026279243660036037,0.029264311023348668,8.0
93,0.5362773965795776,0.5174250482152435,0.6979925735305735,0.034840814209905306,0.020400103846101195,0.6750176491321216,0.03211708496292547,0.03681655077296653,0.5986540589197591,0.02270924164472316,0.020071128288061534,0.6024441419704886,0.026498580359993768,0.027981633347310027,8.0
94,0.5576076560200792,0.4996564434890759,0.7058488042008,0.034826545164666316,0.02019633811591407,0.679945092883865,0.032949305961500475,0.036740108668169215,0.5839760373598278,0.019933712725944002,0.019273428852005364,0.5801634246435539,0.026830310633132612,0.029631295489266973,8.0
95,0.5644482614459366,0.5000828994263952,0.7072893673371726,0.03486111818927824,0.01992623132468169,0.6866341198587699,0.03329980378214754,0.03692539934547631,0.5836810116164222,0.01990124552159272,0.01925410640774948,0.5797879923186953,0.026563443325017443,0.029691475031904974,8.0
96,0.5847174901788611,0.49074240555769594,0.7245638935688834,0.034870161265866804,0.01909294208264159,0.6977762470706435,0.030976137021876342,0.03686482571355268,0.5667021620990349,0.02126494336419709,0.019000660818333247,0.5589892287490137,0.02692943733292725,0.029471296998815563,8.0
97,0.567469373298922,0.499760238337289,0.706087881561831,0.034722738856966376,0.020030340555799154,0.6709305273044868,0.03102396153621883,0.03814133380375635,0.5815590536031564,0.02094740334377489,0.019353731724057507,0.5751331698357385,0.026743816843218252,0.028803158511756008,8.0
98,0.5527157885990968,0.5202932931819596,0.6927492915769355,0.03077513342040187,0.020519481287538683,0.6600437693702648,0.047534722125144306,0.05697374732598213,0.5987159194342659,0.01981330920897064,0.01936372134333393,0.5907716961041969,0.026529563239417513,0.029245229824814905,8.0
99,0.5473770404260756,0.51337457220186,0.6638418140382959,0.030766300249700382,0.021452638426557577,0.6445818199550766,0.045241267691752025,0.05739058949073279,0.5847740527607473,0.02487278581747649,0.021064493062046098,0.5855997085779385,0.02621191539179912,0.03160959653426822,8.0
100,0.5424834357401446,0.5214138443048887,0.653596013555084,0.031056609025684835,0.02159152398377138,0.6335582274984429,0.045241004340693836,0.05783891574093685,0.57937818236265,0.025032134282262294,0.020952250035346384,0.5785853764239995,0.026997034260912756,0.031647774295308566,8.0
101,0.5536886030923154,0.5031015988871963,0.6709472045320777,0.0381303923769619,0.0226953865796123,0.6429202587571331,0.04566791364777235,0.05818467851095343,0.563072235452283,0.025119086777267947,0.021162571611476107,0.5586848060226742,0.02601626921613317,0.03222223823268879,8.0
102,0.5434309694313094,0.5206379223780313,0.6537595027615268,0.03755112696269804,0.01954041364412281,0.6292301386377307,0.04533416641758332,0.059740993864944816,0.5849154746027849,0.02524807121865937,0.02203862947765648,0.5779561977772163,0.02605853221111059,0.034530502998590354,8.0
103,0.5281686535278632,0.5439729786607395,0.6475771305408177,0.036497316814660785,0.019535381028788566,0.6219475136381155,0.045348072920322904,0.05959619049337194,0.6107604473832592,0.02507814435669208,0.02137660557730043,0.6008884598604756,0.026084459198574626,0.03451899473821094,8.0
104,0.5299438344724413,0.5380033791237854,0.6534188284057825,0.03617983563914118,0.019796063037593986,0.6292406733425454,0.04433442166859646,0.05801288533546796,0.6094022897099903,0.024212058158904304,0.021328991638369644,0.6049598479842925,0.02624887543915679,0.03403984247402964,8.0
105,0.5331372246905814,0.5478485938350282,0.6606684734257507,0.03677075877420986,0.021626007939287168,0.6387920930325655,0.04428237773938622,0.05774591621901368,0.6311251626300789,0.024317007958375766,0.021266914176072235,0.6204807033068163,0.022043162685086024,0.025480992575059674,8.0
106,0.5312811777797856,0.5525838992598316,0.6502358373912134,0.03837345448952379,0.021726902795032803,0.6237366933825776,0.044252615932889025,0.05835316376533028,0.6260784559401649,0.0270083745826955,0.0229760108568785,0.6213662896189558,0.022862706776444863,0.029777088566233987,8.0
107,0.5215649970904144,0.5713673710907134,0.6521134146308617,0.03953991807751899,0.02169834899711164,0.6021253316861302,0.03679350078097174,0.0497666112567417,0.648305355180154,0.027697076641942823,0.023651239965351456,0.6521489261056489,0.02292870530962972,0.02705815358560504,8.0
108,0.503842018346123,0.591481682736589,0.6314270348115616,0.03969713236603175,0.021631173479900873,0.5888806835006054,0.03712614016716981,0.048885156074103445,0.6586224202212168,0.028904588284959322,0.024489941103402257,0.6666771281491986,0.022396037841425534,0.03029176935024358,8.0
109,0.4855289659475352,0.6101121252336147,0.607028984940728,0.039832835876999775,0.020455713320954593,0.5753836343203514,0.03677953515696933,0.04680806473692198,0.6740425129038944,0.02899335473584955,0.024244359248457872,0.6842635899162103,0.022033080950512707,0.03026268023080961,8.0
110,0.4791340419534521,0.6067983164103784,0.5898223000900091,0.0392289177892566,0.020323091587828808,0.5582703857931594,0.03802545185405656,0.04667797840408015,0.6695598111401335,0.028847396032631492,0.02385171714022226,0.6828046040266813,0.022014642879322536,0.030677347528296667,8.0
111,0.466100178557883,0.6289865657457859,0.5786660167486266,0.03991607584364771,0.02023045617351425,0.5337691236719735,0.038382939839172334,0.044819312545209614,0.6939080727232718,0.02880922967874998,0.025686243622198804,0.7003549381372826,0.02187259651782818,0.031102285320132612,8.0
112,0.45616686840358,0.6260756831318496,0.5664824164405416,0.041698974781501204,0.020248700856702665,0.5243741793694443,0.037965920579635694,0.04459032091604062,0.6912508937883168,0.03012236375787408,0.02795089739109492,0.7036518640934446,0.02180663960283294,0.030972250228404236,8.0
113,0.434536444150977,0.6513094777814805,0.5597626973695953,0.04134633676429023,0.02014266332295322,0.5092031319965838,0.03865400829158858,0.04471271532285805,0.7087363413059813,0.030063331341177762,0.026947931391808087,0.720950984179928,0.02132928396610529,0.03064189823463841,8.0
114,0.435470967998088,0.6611281357255909,0.5493396381299419,0.040650441989523924,0.02009726957169321,0.5015388334102915,0.038729290303569,0.044890358896534026,0.6970373690742171,0.030153324171718204,0.02520200592755132,0.7299549733320413,0.020663487095097386,0.030519247467095553,8.0
115,0.42743594713598926,0.6676897797484526,0.5399968384620604,0.03498405059064554,0.0202503790193951,0.4975699595058893,0.038711477517199146,0.044715195425441244,0.7046942422915664,0.030069893840916465,0.025257801427479788,0.7299986071463035,0.020023989256730594,0.030523815070579507,8.0
116,0.4262549781705837,0.6778073057317102,0.5496999001484716,0.034119855531968356,0.019799198622916344,0.4985897584469467,0.0383778463174774,0.04454243125150745,0.7039088361756081,0.03018732770381135,0.02515263266353605,0.7528292213182434,0.019909801031582866,0.030570220153669326,8.0
117,0.4068337452301154,0.6954055477894855,0.520537594094938,0.03400545659926325,0.01988945443853094,0.48331700310672204,0.03810947743520679,0.04385212939942222,0.7142284948040654,0.03105411080880991,0.02501208534191427,0.7758748779128046,0.01989350405663914,0.03038205616074774,8.0
118,0.384308519032526,0.7214716884059535,0.5067018444881881,0.034177943863503,0.01759863507711489,0.4652398469001713,0.039447926331974824,0.04500915394001434,0.7350845408151249,0.030301400224502215,0.02505497163411925,0.7814968117217166,0.020713738257904755,0.030635543695906618,8.0
119,0.3823857775742991,0.7276494370388042,0.49839993090729734,0.03440540024756081,0.017950882345806177,0.45390200472102493,0.038411666601133376,0.045904713608082355,0.7346542007584455,0.029973268923670027,0.024993802851552848,0.7828604048485258,0.020627172671722854,0.03178101501468455,8.0
120,0.3794411323768375,0.7307396889560505,0.4940836399379495,0.03468916897072792,0.017887842864138435,0.44209531552669773,0.038148163134388985,0.04603284604362706,0.7381663720756545,0.029574520745774446,0.025779305880465488,0.788240607090623,0.020715856480965068,0.03160517086014043,8.0
121,0.37488050496040587,0.7470634273252369,0.4895038007677215,0.03556410704630622,0.018704763942541485,0.43745344703713357,0.03711829476482064,0.045465264549743534,0.7381415567942455,0.03041238263778382,0.025651562324687502,0.791281322381387,0.020971340368710355,0.03155449883775194,8.0
122,0.3984385188529802,0.7383433126758535,0.51683060157038,0.042145803147918534,0.027867796058712903,0.455990698264375,0.038249399663693125,0.04561867705754807,0.7319869772101184,0.028447469328275084,0.02546837856044621,0.7769685344715448,0.017531046878986843,0.029036990214976025,8.0
123,0.3971321880603128,0.7379152393311624,0.5186619321456121,0.041831109005121464,0.027751431753853844,0.4608277058756056,0.03826177933412305,0.04545131367180204,0.7493951975170577,0.02832163690599111,0.026612955471400045,0.791326882560059,0.017016250689938017,0.028455461194038047,8.0
124,0.39701138628633514,0.7513778833530125,0.5249749720841976,0.04214550403394058,0.02632175014083141,0.4717880194047899,0.03801009994911819,0.0460092183163137,0.768838811619277,0.02813386044648664,0.026459230597826913,0.8009774587968812,0.01701616441880434,0.028676145347344723,8.0
125,0.3942538444552693,0.7534930032932631,0.5258026636886285,0.042617638293822625,0.027107014450223392,0.4788555612434433,0.038426446727038766,0.04562335170658546,0.7897865772071289,0.028377060085751263,0.026253501916735412,0.8119936720833283,0.015308213399951871,0.028676864879886414,8.0
126,0.3858819051349732,0.746567148825645,0.517941510907096,0.04255225316620814,0.027239158957872184,0.47809065996762,0.038461919971490365,0.04554830642382312,0.7931500342313498,0.028164185352917183,0.026339715027809785,0.8232398089474082,0.01532172070896026,0.028614568883223095,8.0
127,0.36664791052764056,0.7681987559266414,0.5001420368618281,0.04231963287392101,0.027182792430171167,0.464535337742262,0.03855066211377043,0.04536932785187225,0.8188331337182365,0.02800611113243068,0.026457259124094124,0.8423005874333995,0.015216999718943018,0.028786699355674347,8.0
128,0.3693388426823333,0.7701019578902065,0.49874680608739114,0.04241785528279759,0.027488643161798967,0.4644367791267814,0.03847416433869835,0.04620995168256102,0.8302769690550914,0.02768899747074302,0.0275914308236763,0.8564459475773092,0.015340770697443933,0.028578908539769295,8.0
129,0.3531601776549414,0.7927447898095192,0.49071179101346446,0.04215407388245315,0.02745973937756074,0.45438610781517297,0.03804653892314553,0.045644329493370696,0.8649521233365016,0.027824636697887987,0.0275422057322013,0.8897483896407096,0.015738430794874896,0.027960173283321364,8.0
130,0.3502301335438213,0.8108987315939118,0.5043727267508862,0.03986072162881624,0.027827212231044358,0.4540050523083099,0.03872882364254941,0.04576916149482856,0.8792301307731367,0.03141998634796468,0.030429185772659306,0.8993002884273642,0.015953489792972224,0.027890164099514426,8.0
131,0.3287026458094445,0.8335660192306935,0.481793679469196,0.03961617354097341,0.028048514484692068,0.43676291954704,0.03737059204433382,0.04587859824782079,0.9049225470071599,0.0326306710881219,0.03136532252113624,0.9197174046158375,0.015979489536751403,0.0276231723124213,8.0
132,0.3258762566831268,0.8386705266371137,0.4845100819159188,0.040195697468245806,0.028868029291926566,0.44079176497015965,0.03680676299405403,0.045234402446878715,0.9236737709899162,0.03294227259435035,0.030849833771560444,0.9309500968447559,0.015635810692414206,0.027105025442943208,8.0
133,0.3274142335955753,0.8419933582992192,0.4847876731534555,0.04102473188757672,0.029288911893949398,0.4408251317673464,0.036617278436408524,0.0453891161145251,0.9346800227766181,0.03126363096699104,0.030366731340884127,0.9523084856136237,0.01569662038912674,0.02656931978752044,8.0
134,0.32687811371813125,0.8569815308793349,0.47813027950303594,0.041261172547093494,0.029118669134263735,0.44909417880240565,0.041973654312743795,0.05359462282656276,0.9460490916882963,0.03635791886659479,0.0359951771696517,0.955475334550367,0.022127377698701052,0.03057933563913692,8.0
135,0.31631497336971703,0.8602606274921698,0.4684679158916194,0.039989707833613025,0.0290720314777536,0.4440516138141234,0.04267601541196852,0.053153431395275216,0.9540112527761417,0.03748560602318868,0.03561195025967443,0.9544147434120421,0.022705502089688884,0.030582439203932558,8.0
136,0.31565377235456793,0.8747490820089948,0.46672963947364027,0.039931276675220416,0.03027023440321499,0.4441479204744405,0.04268664348593788,0.05309810293628583,0.9619021590428517,0.03839765123426655,0.03562985496942857,0.9609888156132297,0.02262142585028661,0.03179500998269368,8.0
137,0.30684078848102303,0.8837295842588136,0.46183225056567523,0.039352119588054554,0.02974664611893055,0.4388977709053839,0.04294606410026011,0.05268452732315573,0.9708818686804276,0.039092414581086185,0.03582914223787051,0.9639078085593255,0.022654314853608533,0.03145455325670468,8.0
138,0.303344431431284,0.88616505421591,0.45170849333761937,0.03912156154950494,0.02991691615238742,0.4294501115662757,0.042837196713901855,0.05264171475511376,0.9764714904236078,0.03903596888481732,0.03547227060328174,0.9692619538099194,0.02464524557501421,0.03150465038264798,8.0
139,0.30301614739592536,0.8987920317904536,0.44456353121194553,0.03793766543626334,0.030255292359446972,0.4274323651039441,0.04284181280027059,0.050604667819464134,0.9806116735348078,0.039987575192566044,0.0356099074228234,0.973222517889028,0.024035494887345684,0.031819610037367274,8.0
140,0.2818320102104235,0.92496178613529,0.419727210677932,0.03768196492022103,0.030133645632583316,0.38906202330853007,0.043305816924591005,0.05086247409019661,0.9870475492289696,0.03965528790492372,0.03524408027671145,0.9802141268892296,0.024120721457300567,0.03142705063208645,8.0
141,0.25916104266429585,0.9463253793147706,0.3971326872974041,0.037585691687453744,0.03049486100003702,0.36369699487729407,0.043501786062191454,0.051139050310948855,1.0124753442659786,0.040491440076664845,0.03508194384985712,1.0081085957143117,0.023311538334267034,0.03128723713567979,8.0
142,0.25795017315125135,0.961093364536381,0.3970840528886495,0.037586841238156525,0.03051978307243589,0.3596004263735128,0.043598120173498046,0.05122686217595826,1.0207673759332314,0.040119050032003806,0.035310723294205586,1.0147518530958792,0.023045097862056486,0.03136966908777292,8.0
143,0.23579067483379076,0.9796405523606628,0.3698498801302847,0.034692090097346036,0.029916938353603397,0.3465673069500818,0.043712820548796716,0.04704243928236572,1.0503781379111872,0.0413240285658438,0.03765928440312403,1.0415500403449907,0.022734760478554553,0.03262024116688136,8.0
144,0.2090979838130582,1.008803474009551,0.3492291816243238,0.034815946098349794,0.029868454085435925,0.32588286096247004,0.04265660304429904,0.04669641024050151,1.0693553047023021,0.04166006662141177,0.037645309503098,1.0609950338873098,0.023567856890570536,0.031659483205813944,8.0
145,0.1816436394764915,1.0320980528459731,0.3323889598853964,0.03478062933061818,0.029911608038201296,0.3007428776466716,0.042228389239793385,0.046788484120442585,1.0959706184967521,0.04222183990327763,0.03767528396628662,1.0902777515257922,0.024001292128183884,0.03182776313122671,8.0
146,0.15678721753562827,1.0599923505986744,0.3096125182504503,0.03508377073924875,0.030027551744937844,0.27411773528947775,0.04204852574521576,0.04689880298499583,1.1215320994139943,0.04103738314825691,0.037679808820685896,1.114985953485332,0.023869967843002982,0.032347879816298476,8.0
147,0.15696482107382592,1.072664105529639,0.3123188007345036,0.035663639705898156,0.029278978428123218,0.27626918203978734,0.04221855226163095,0.04555051234276604,1.1345374230661185,0.04119857381087091,0.037202067367739976,1.125358124821098,0.024333445467305717,0.032307164659911264,8.0
148,0.15611141418498023,1.0827110531683988,0.30725995529171257,0.035163410754584304,0.029233454052840616,0.2631427707755114,0.025861150918451745,0.026257703361128027,1.1394442887691525,0.04128039478799224,0.03717335488948474,1.132742926151426,0.023836041808810826,0.03173304858278943,8.0
149,0.15702278612712603,1.1013539675562236,0.3082386098109859,0.0353061684751781,0.028808443214444555,0.2631293900534598,0.025854771899051502,0.025490935528366555,1.1453120501921312,0.03650083680927813,0.03468718969502589,1.1429675487303377,0.023982498760326827,0.029349946549452523,8.0
150,0.1581960453080211,1.1048174345295876,0.3046405816575438,0.03500314631431123,0.02934610565232881,0.26181860684377656,0.025941606541033887,0.025797111402313656,1.15023153910118,0.04989358696890402,0.043335356870485724,1.1495777929181268,0.023299369596847433,0.029983462129637636,8.0
